Row,US_Credit,US_Rate,US_GDP,US_Inv,US_CPI
1945-Q4,55.94,NaN,NaN,NaN,NaN
1946-Q1,57.905,NaN,NaN,NaN,NaN
1946-Q2,59.891,NaN,NaN,NaN,NaN
1946-Q3,61.9,NaN,NaN,NaN,NaN
1946-Q4,63.908,NaN,NaN,NaN,NaN
1947-Q1,66.042,NaN,11.6102387590559,NaN,NaN
1947-Q2,68.199,NaN,11.5794455867251,NaN,NaN
1947-Q3,70.38,NaN,11.5557217054683,NaN,NaN
1947-Q4,72.561,NaN,11.7366827907497,NaN,NaN
1948-Q1,74.403,NaN,11.9134416638803,NaN,NaN
1948-Q2,76.244,NaN,12.1102966857525,NaN,NaN
1948-Q3,78.106,NaN,12.1798725527566,NaN,NaN
1948-Q4,79.968,NaN,12.193670702528,NaN,NaN
1949-Q1,80.699,NaN,12.0258109444967,NaN,NaN
1949-Q2,81.438,NaN,11.9849643785391,NaN,NaN
1949-Q3,82.186,NaN,12.1088817636865,NaN,NaN
1949-Q4,82.933,NaN,12.0074329154065,NaN,NaN
1950-Q1,85.189,NaN,12.4795275139043,NaN,NaN
1950-Q2,87.471,NaN,12.8602692117959,NaN,NaN
1950-Q3,89.777,NaN,13.3573270781721,NaN,NaN
1950-Q4,92.084,NaN,13.6131141360183,NaN,NaN
1951-Q1,94.974,NaN,13.797974235865,NaN,NaN
1951-Q2,97.897,NaN,14.0369737221312,NaN,NaN
1951-Q3,100.851,NaN,14.3261337914135,NaN,NaN
1951-Q4,103.806,NaN,14.3575014433801,NaN,NaN
1952-Q1,105.232,NaN,14.5106853744187,NaN,NaN
1952-Q2,107.373,NaN,14.5417817443351,NaN,NaN
1952-Q3,109.691,NaN,14.6466615126623,NaN,NaN
1952-Q4,112.537,NaN,15.1276499070034,NaN,NaN
1953-Q1,114.106,NaN,15.4088789657579,NaN,NaN
1953-Q2,115.808,NaN,15.528003701351,NaN,NaN
1953-Q3,117.326,NaN,15.4406562004279,NaN,NaN
1953-Q4,117.609,NaN,15.2069280967458,NaN,NaN
1954-07,NaN,0.8,NaN,NaN,NaN
1954-08,NaN,1.22,NaN,NaN,NaN
1954-09,NaN,1.07,NaN,NaN,NaN
1954-10,NaN,0.85,NaN,NaN,NaN
1954-11,NaN,0.83,NaN,NaN,NaN
1954-12,NaN,1.28,NaN,NaN,NaN
1954-Q1,118.969,NaN,15.1343042961183,NaN,NaN
1954-Q2,120.059,NaN,15.150863139695,NaN,NaN
1954-Q3,122.051,NaN,15.3220208363764,NaN,NaN
1954-Q4,123.758,NaN,15.621867290736,NaN,NaN
1955-01,NaN,1.39,NaN,NaN,NaN
1955-02,NaN,1.29,NaN,NaN,NaN
1955-03,NaN,1.35,NaN,NaN,NaN
1955-04,NaN,1.43,NaN,NaN,NaN
1955-05,NaN,1.43,NaN,NaN,NaN
1955-06,NaN,1.64,NaN,NaN,NaN
1955-07,NaN,1.68,NaN,NaN,NaN
1955-08,NaN,1.96,NaN,NaN,NaN
1955-09,NaN,2.18,NaN,NaN,NaN
1955-10,NaN,2.24,NaN,NaN,NaN
1955-11,NaN,2.35,NaN,NaN,NaN
1955-12,NaN,2.48,NaN,NaN,NaN
1955-Q1,125.322,NaN,16.0681209441339,13.2790573834247,11.3043930744771
1955-Q2,128.692,NaN,16.3296368405705,13.8188448285571,11.2889230167738
1955-Q3,131.367,NaN,16.5502210629554,13.7727049369289,11.2973612300665
1955-Q4,136.054,NaN,16.6496326362307,13.6514582849934,11.3311140832373
1956-01,NaN,2.45,NaN,NaN,NaN
1956-02,NaN,2.5,NaN,NaN,NaN
1956-03,NaN,2.5,NaN,NaN,NaN
1956-04,NaN,2.62,NaN,NaN,NaN
1956-05,NaN,2.75,NaN,NaN,NaN
1956-06,NaN,2.71,NaN,NaN,NaN
1956-07,NaN,2.75,NaN,NaN,NaN
1956-08,NaN,2.73,NaN,NaN,NaN
1956-09,NaN,2.95,NaN,NaN,NaN
1956-10,NaN,2.96,NaN,NaN,NaN
1956-11,NaN,2.88,NaN,NaN,NaN
1956-12,NaN,2.94,NaN,NaN,NaN
1956-Q1,139.058,NaN,16.5850249542251,13.5584532496894,11.3325204521195
1956-Q2,142.891,NaN,16.7221128169492,13.6443240529894,11.4070580028718
1956-Q3,145.666,NaN,16.7071125153474,13.8111901079589,11.5251929889698
1956-Q4,148.891,NaN,16.9820967676903,13.6870279611071,11.6236388107182
1957-01,NaN,2.84,NaN,NaN,NaN
1957-02,NaN,3,NaN,NaN,NaN
1957-03,NaN,2.96,NaN,NaN,NaN
1957-04,NaN,3,NaN,NaN,NaN
1957-05,NaN,3,NaN,NaN,NaN
1957-06,NaN,3,NaN,NaN,NaN
1957-07,NaN,2.99,NaN,NaN,NaN
1957-08,NaN,3.24,NaN,NaN,NaN
1957-09,NaN,3.47,NaN,NaN,NaN
1957-10,NaN,3.5,NaN,NaN,NaN
1957-11,NaN,3.28,NaN,NaN,NaN
1957-12,NaN,2.98,NaN,NaN,NaN
1957-Q1,151.791,NaN,17.0908276772799,13.7141528986694,11.7192718947023
1957-Q2,155.674,NaN,17.0533747965784,13.5280004216244,11.8191240853328
1957-Q3,157.91,NaN,17.2204845395296,13.7068177811325,11.9246017514918
1957-Q4,161.011,NaN,17.0423320213566,13.5497963987016,11.9822628756587
1958-01,NaN,2.72,NaN,NaN,NaN
1958-02,NaN,1.67,NaN,NaN,NaN
1958-03,NaN,1.2,NaN,NaN,NaN
1958-04,NaN,1.26,NaN,NaN,NaN
1958-05,NaN,0.63,NaN,NaN,NaN
1958-06,NaN,0.93,NaN,NaN,NaN
1958-07,NaN,0.68,NaN,NaN,NaN
1958-08,NaN,1.53,NaN,NaN,NaN
1958-09,NaN,1.76,NaN,NaN,NaN
1958-10,NaN,1.8,NaN,NaN,NaN
1958-11,NaN,2.27,NaN,NaN,NaN
1958-12,NaN,2.42,NaN,NaN,NaN
1958-Q1,163.199,NaN,16.599929509221,13.054354773445,12.1243061327528
1958-Q2,165.508,NaN,16.7089742549079,12.7865751028099,12.2058755279157
1958-Q3,167.59,NaN,17.0954713876694,13.1761513989614,12.1988436835051
1958-Q4,172.148,NaN,17.4952028290782,13.8565374127103,12.2115010034442
1959-01,NaN,2.48,NaN,NaN,NaN
1959-02,NaN,2.43,NaN,NaN,NaN
1959-03,NaN,2.8,NaN,NaN,NaN
1959-04,NaN,2.96,NaN,NaN,NaN
1959-05,NaN,2.9,NaN,NaN,NaN
1959-06,NaN,3.39,NaN,NaN,NaN
1959-07,NaN,3.47,NaN,NaN,NaN
1959-08,NaN,3.5,NaN,NaN,NaN
1959-09,NaN,3.76,NaN,NaN,NaN
1959-10,NaN,3.98,NaN,NaN,NaN
1959-11,NaN,4,NaN,NaN,NaN
1959-12,NaN,3.99,NaN,NaN,NaN
1959-Q1,174.498,NaN,17.8308319177907,14.7746859467675,12.232596536676
1959-Q2,179.954,NaN,18.2326378689954,14.9870162441356,12.2536920699078
1959-Q3,182.516,NaN,18.2453508905658,15.1008235704376,12.3169786696032
1959-Q4,186.897,NaN,18.2973466168628,14.7466470818218,12.3915162203555
1960-01,NaN,3.99,NaN,NaN,NaN
1960-02,NaN,3.97,NaN,NaN,NaN
1960-03,NaN,3.84,NaN,NaN,NaN
1960-04,NaN,3.92,NaN,NaN,NaN
1960-05,NaN,3.85,NaN,NaN,NaN
1960-06,NaN,3.32,NaN,NaN,NaN
1960-07,NaN,3.23,NaN,NaN,NaN
1960-08,NaN,2.98,NaN,NaN,NaN
1960-09,NaN,2.6,NaN,NaN,NaN
1960-10,NaN,2.47,NaN,NaN,NaN
1960-11,NaN,2.44,NaN,NaN,NaN
1960-12,NaN,1.98,NaN,NaN,NaN
1960-Q1,190.168,NaN,18.7087857404792,15.1211234475214,12.4027671714125
1960-Q2,194.609,NaN,18.6080656302558,14.8711117919226,12.4773047221648
1960-Q3,196.299,NaN,18.6992323569059,14.7699534433146,12.4843365665754
1960-Q4,200.62,NaN,18.4592966816035,14.713212169657,12.5644995928562
1961-01,NaN,1.45,NaN,NaN,NaN
1961-02,NaN,2.54,NaN,NaN,NaN
1961-03,NaN,2.02,NaN,NaN,NaN
1961-04,NaN,1.49,NaN,NaN,NaN
1961-05,NaN,1.98,NaN,NaN,NaN
1961-06,NaN,1.73,NaN,NaN,NaN
1961-07,NaN,1.17,NaN,NaN,NaN
1961-08,NaN,2,NaN,NaN,NaN
1961-09,NaN,1.88,NaN,NaN,NaN
1961-10,NaN,2.26,NaN,NaN,NaN
1961-11,NaN,2.61,NaN,NaN,NaN
1961-12,NaN,2.33,NaN,NaN,NaN
1961-Q1,202.436,NaN,18.5839002507604,14.935425166144,12.5898142327344
1961-Q2,206.402,NaN,18.8994278714753,14.8762874574083,12.585595126088
1961-Q3,208.982,NaN,19.2623660199125,15.3004986430726,12.6348180369622
1961-Q4,214.708,NaN,19.6402300003692,15.8601563522955,12.6531008324297
1962-01,NaN,2.15,NaN,NaN,NaN
1962-02,NaN,2.37,NaN,NaN,NaN
1962-03,NaN,2.85,NaN,NaN,NaN
1962-04,NaN,2.78,NaN,NaN,NaN
1962-05,NaN,2.36,NaN,NaN,NaN
1962-06,NaN,2.68,NaN,NaN,NaN
1962-07,NaN,2.71,NaN,NaN,NaN
1962-08,NaN,2.93,NaN,NaN,NaN
1962-09,NaN,2.9,NaN,NaN,NaN
1962-10,NaN,2.9,NaN,NaN,NaN
1962-11,NaN,2.94,NaN,NaN,NaN
1962-12,NaN,2.93,NaN,NaN,NaN
1962-Q1,217.284,NaN,19.9905455545862,16.1351057904913,12.7023237433039
1962-Q2,223.178,NaN,20.1714108932616,16.4024693358701,12.750140285296
1962-Q3,226.426,NaN,20.4194318375125,16.6195584347868,12.7867058762311
1962-Q4,232.772,NaN,20.4866938282057,16.5179229300961,12.8176459916377
1963-01,NaN,2.92,NaN,NaN,NaN
1963-02,NaN,3,NaN,NaN,NaN
1963-03,NaN,2.98,NaN,NaN,NaN
1963-04,NaN,2.9,NaN,NaN,NaN
1963-05,NaN,3,NaN,NaN,NaN
1963-06,NaN,2.99,NaN,NaN,NaN
1963-07,NaN,3.02,NaN,NaN,NaN
1963-08,NaN,3.49,NaN,NaN,NaN
1963-09,NaN,3.48,NaN,NaN,NaN
1963-10,NaN,3.5,NaN,NaN,NaN
1963-11,NaN,3.48,NaN,NaN,NaN
1963-12,NaN,3.38,NaN,NaN,NaN
1963-Q1,235.938,NaN,20.7104270500758,16.5626636692041,12.8584306892192
1963-Q2,241.567,NaN,20.9428838516008,17.0697161775583,12.8823389602152
1963-Q3,244.678,NaN,21.4033824722646,17.6850300095839,12.9610956176139
1963-Q4,252.16,NaN,21.5437682736387,17.9320170994311,12.9962548396669
1964-01,NaN,3.48,NaN,NaN,NaN
1964-02,NaN,3.48,NaN,NaN,NaN
1964-03,NaN,3.43,NaN,NaN,NaN
1964-04,NaN,3.47,NaN,NaN,NaN
1964-05,NaN,3.5,NaN,NaN,NaN
1964-06,NaN,3.5,NaN,NaN,NaN
1964-07,NaN,3.42,NaN,NaN,NaN
1964-08,NaN,3.5,NaN,NaN,NaN
1964-09,NaN,3.45,NaN,NaN,NaN
1964-10,NaN,3.36,NaN,NaN,NaN
1964-11,NaN,3.52,NaN,NaN,NaN
1964-12,NaN,3.85,NaN,NaN,NaN
1964-Q1,255.513,NaN,21.998064641938,18.470782371069,13.0496968571875
1964-Q2,262.381,NaN,22.2376386078401,18.4639286454824,13.0707923904193
1964-Q3,266.653,NaN,22.5851243179251,18.6992419656688,13.1003261369438
1964-Q4,274.196,NaN,22.6549555092118,18.8147851477994,13.1607999988749
1965-01,NaN,3.9,NaN,NaN,NaN
1965-02,NaN,3.98,NaN,NaN,NaN
1965-03,NaN,4.05,NaN,NaN,NaN
1965-04,NaN,4.09,NaN,NaN,NaN
1965-05,NaN,4.1,NaN,NaN,NaN
1965-06,NaN,4.05,NaN,NaN,NaN
1965-07,NaN,4.09,NaN,NaN,NaN
1965-08,NaN,4.12,NaN,NaN,NaN
1965-09,NaN,4.02,NaN,NaN,NaN
1965-10,NaN,4.08,NaN,NaN,NaN
1965-11,NaN,4.1,NaN,NaN,NaN
1965-12,NaN,4.32,NaN,NaN,NaN
1965-Q1,280.652,NaN,23.2031846172226,19.3434694267481,13.2015846964564
1965-Q2,289.384,NaN,23.4963500861879,19.7928397195658,13.2859668293835
1965-Q3,294.847,NaN,24.0187116528194,20.4227192588655,13.3253451580829
1965-Q4,303.791,NaN,24.5720791620172,20.7685190818824,13.3956636021889
1966-01,NaN,4.42,NaN,NaN,NaN
1966-02,NaN,4.6,NaN,NaN,NaN
1966-03,NaN,4.66,NaN,NaN,NaN
1966-04,NaN,4.67,NaN,NaN,NaN
1966-05,NaN,4.9,NaN,NaN,NaN
1966-06,NaN,5.17,NaN,NaN,NaN
1966-07,NaN,5.3,NaN,NaN,NaN
1966-08,NaN,5.53,NaN,NaN,NaN
1966-09,NaN,5.4,NaN,NaN,NaN
1966-10,NaN,5.53,NaN,NaN,NaN
1966-11,NaN,5.76,NaN,NaN,NaN
1966-12,NaN,5.4,NaN,NaN,NaN
1966-Q1,312.604,NaN,25.1701231014113,21.6078322945297,13.5208304326975
1966-Q2,324.507,NaN,25.2560716380361,21.2354466426948,13.6431845254419
1966-Q3,330.314,NaN,25.4699482787473,21.4864905476684,13.76131951154
1966-Q4,338.206,NaN,25.6789046077629,21.1767342499019,13.8738290221095
1967-01,NaN,4.94,NaN,NaN,NaN
1967-02,NaN,5,NaN,NaN,NaN
1967-03,NaN,4.53,NaN,NaN,NaN
1967-04,NaN,4.05,NaN,NaN,NaN
1967-05,NaN,3.94,NaN,NaN,NaN
1967-06,NaN,3.98,NaN,NaN,NaN
1967-07,NaN,3.79,NaN,NaN,NaN
1967-08,NaN,3.9,NaN,NaN,NaN
1967-09,NaN,3.99,NaN,NaN,NaN
1967-10,NaN,3.88,NaN,NaN,NaN
1967-11,NaN,4.13,NaN,NaN,NaN
1967-12,NaN,4.51,NaN,NaN,NaN
1967-Q1,345.768,NaN,25.9063666280099,20.9859486174487,13.9089882441625
1967-Q2,356.555,NaN,25.9222605646007,21.1658208399218,13.9933703770897
1967-Q3,362.389,NaN,26.1675048572785,21.4047646100175,14.1340072653016
1967-Q4,370.865,NaN,26.3647694618541,21.859252455215,14.2887078423348
1968-01,NaN,4.61,NaN,NaN,NaN
1968-02,NaN,4.71,NaN,NaN,NaN
1968-03,NaN,5.05,NaN,NaN,NaN
1968-04,NaN,5.76,NaN,NaN,NaN
1968-05,NaN,6.12,NaN,NaN,NaN
1968-06,NaN,6.07,NaN,NaN,NaN
1968-07,NaN,6.03,NaN,NaN,NaN
1968-08,NaN,6.03,NaN,NaN,NaN
1968-09,NaN,5.78,NaN,NaN,NaN
1968-10,NaN,5.91,NaN,NaN,NaN
1968-11,NaN,5.82,NaN,NaN,NaN
1968-12,NaN,6.02,NaN,NaN,NaN
1968-Q1,380.151,NaN,26.9024185699053,22.1603852872221,14.4293447305468
1968-Q2,391.867,NaN,27.3517893072531,22.1388386912216,14.5699816187587
1968-Q3,399.818,NaN,27.5636339922154,22.3460423941884,14.7668732622554
1968-Q4,413.387,NaN,27.6718968072869,22.6093417093623,14.949701216931
1969-01,NaN,6.3,NaN,NaN,NaN
1969-02,NaN,6.61,NaN,NaN,NaN
1969-03,NaN,6.79,NaN,NaN,NaN
1969-04,NaN,7.41,NaN,NaN,NaN
1969-05,NaN,8.67,NaN,NaN,NaN
1969-06,NaN,8.9,NaN,NaN,NaN
1969-07,NaN,8.61,NaN,NaN,NaN
1969-08,NaN,9.19,NaN,NaN,NaN
1969-09,NaN,9.15,NaN,NaN,NaN
1969-10,NaN,9,NaN,NaN,NaN
1969-11,NaN,8.85,NaN,NaN,NaN
1969-12,NaN,8.97,NaN,NaN,NaN
1969-Q1,423.752,NaN,28.1048044476639,23.2888310024426,15.1325291716065
1969-Q2,439.564,NaN,28.1900614810234,23.00239588852,15.3716118815669
1969-Q3,449.637,NaN,28.376102455677,23.2821754746405,15.5825672138848
1969-Q4,462.182,NaN,28.2375677553517,22.3882013868413,15.8216499238451
1970-01,NaN,8.98,NaN,NaN,NaN
1970-02,NaN,8.98,NaN,NaN,NaN
1970-03,NaN,7.76,NaN,NaN,NaN
1970-04,NaN,8.1,NaN,NaN,NaN
1970-05,NaN,7.95,NaN,NaN,NaN
1970-06,NaN,7.61,NaN,NaN,NaN
1970-07,NaN,7.21,NaN,NaN,NaN
1970-08,NaN,6.62,NaN,NaN,NaN
1970-09,NaN,6.29,NaN,NaN,NaN
1970-10,NaN,6.2,NaN,NaN,NaN
1970-11,NaN,5.6,NaN,NaN,NaN
1970-12,NaN,4.9,NaN,NaN,NaN
1970-Q1,474.709,NaN,28.1955243568195,22.460739737436,16.0747963226266
1970-Q2,492.172,NaN,28.2354826070439,21.9429486249947,16.2998153437658
1970-Q3,502.48,NaN,28.4956633702529,22.3219964814116,16.4685796096201
1970-Q4,513.928,NaN,28.1903114860501,22.3078304548048,16.7076623195804
1971-01,NaN,4.14,NaN,NaN,NaN
1971-02,NaN,3.72,NaN,NaN,NaN
1971-03,NaN,3.71,NaN,NaN,NaN
1971-04,NaN,4.16,NaN,NaN,NaN
1971-05,NaN,4.63,NaN,NaN,NaN
1971-06,NaN,4.91,NaN,NaN,NaN
1971-07,NaN,5.31,NaN,NaN,NaN
1971-08,NaN,5.57,NaN,NaN,NaN
1971-09,NaN,5.55,NaN,NaN,NaN
1971-10,NaN,5.2,NaN,NaN,NaN
1971-11,NaN,4.91,NaN,NaN,NaN
1971-12,NaN,4.14,NaN,NaN,NaN
1971-Q1,524.854,NaN,28.95600241324,22.2669053029625,16.8482992077924
1971-Q2,542.289,NaN,29.1126013065582,22.9311166300176,17.0029997848256
1971-Q3,554.362,NaN,29.3520369718072,23.2952367015776,17.1717640506799
1971-Q4,566.409,NaN,29.4209745281049,23.6303736089791,17.2983372500707
1972-01,NaN,3.51,NaN,NaN,NaN
1972-02,NaN,3.3,NaN,NaN,NaN
1972-03,NaN,3.83,NaN,NaN,NaN
1972-04,NaN,4.17,NaN,NaN,NaN
1972-05,NaN,4.27,NaN,NaN,NaN
1972-06,NaN,4.46,NaN,NaN,NaN
1972-07,NaN,4.55,NaN,NaN,NaN
1972-08,NaN,4.81,NaN,NaN,NaN
1972-09,NaN,4.87,NaN,NaN,NaN
1972-10,NaN,5.05,NaN,NaN,NaN
1972-11,NaN,5.06,NaN,NaN,NaN
1972-12,NaN,5.33,NaN,NaN,NaN
1972-Q1,580.841,NaN,29.961501353591,24.3661397626967,17.4389741382826
1972-Q2,601.758,NaN,30.6414139603445,24.7619281691495,17.5514836488522
1972-Q3,615.039,NaN,30.9306963725122,24.7401874803879,17.6921205370641
1972-Q4,639.383,NaN,31.448611041222,25.9329790402016,17.8749484917397
1973-01,NaN,5.94,NaN,NaN,NaN
1973-02,NaN,6.58,NaN,NaN,NaN
1973-03,NaN,7.09,NaN,NaN,NaN
1973-04,NaN,7.12,NaN,NaN,NaN
1973-05,NaN,7.84,NaN,NaN,NaN
1973-06,NaN,8.49,NaN,NaN,NaN
1973-07,NaN,10.4,NaN,NaN,NaN
1973-08,NaN,10.5,NaN,NaN,NaN
1973-09,NaN,10.78,NaN,NaN,NaN
1973-10,NaN,10.01,NaN,NaN,NaN
1973-11,NaN,10.03,NaN,NaN,NaN
1973-12,NaN,9.95,NaN,NaN,NaN
1973-Q1,663.607,NaN,32.2269458396557,27.1005693450155,18.1562222681636
1973-Q2,693.798,NaN,32.577814596485,27.1202925918566,18.5359418663359
1973-Q3,715.831,NaN,32.4065079606388,26.8679472406482,18.901597775687
1973-Q4,736.457,NaN,32.7141205285936,26.7391048198758,19.3797631956076
1974-01,NaN,9.65,NaN,NaN,NaN
1974-02,NaN,8.97,NaN,NaN,NaN
1974-03,NaN,9.35,NaN,NaN,NaN
1974-04,NaN,10.51,NaN,NaN,NaN
1974-05,NaN,11.31,NaN,NaN,NaN
1974-06,NaN,11.93,NaN,NaN,NaN
1974-07,NaN,12.92,NaN,NaN,NaN
1974-08,NaN,12.01,NaN,NaN,NaN
1974-09,NaN,11.34,NaN,NaN,NaN
1974-10,NaN,10.06,NaN,NaN,NaN
1974-11,NaN,9.45,NaN,NaN,NaN
1974-12,NaN,8.53,NaN,NaN,NaN
1974-Q1,759.223,NaN,32.4328755120715,26.414473460822,19.9563744372766
1974-Q2,791.587,NaN,32.5099674876442,26.3279740761016,20.4907946124821
1974-Q3,811.699,NaN,32.2026581172749,25.8249031859189,21.0674058541511
1974-Q4,832.471,NaN,32.0775811343441,24.5610053240239,21.7143355399261
1975-01,NaN,7.13,NaN,NaN,NaN
1975-02,NaN,6.24,NaN,NaN,NaN
1975-03,NaN,5.54,NaN,NaN,NaN
1975-04,NaN,5.49,NaN,NaN,NaN
1975-05,NaN,5.22,NaN,NaN,NaN
1975-06,NaN,5.55,NaN,NaN,NaN
1975-07,NaN,6.1,NaN,NaN,NaN
1975-08,NaN,6.14,NaN,NaN,NaN
1975-09,NaN,6.24,NaN,NaN,NaN
1975-10,NaN,5.82,NaN,NaN,NaN
1975-11,NaN,5.22,NaN,NaN,NaN
1975-12,NaN,5.2,NaN,NaN,NaN
1975-Q1,841.104,NaN,31.6869934938054,23.5508928538191,22.1784372710256
1975-Q2,852.55,NaN,31.9134608132015,22.8741854546966,22.4456473586283
1975-Q3,857.441,NaN,32.4598335009076,23.7682553802338,22.8956854009065
1975-Q4,867.584,NaN,32.8970976118562,24.371788354928,23.3175960655424
1976-01,NaN,4.87,NaN,NaN,NaN
1976-02,NaN,4.77,NaN,NaN,NaN
1976-03,NaN,4.84,NaN,NaN,NaN
1976-04,NaN,4.82,NaN,NaN,NaN
1976-05,NaN,5.29,NaN,NaN,NaN
1976-06,NaN,5.48,NaN,NaN,NaN
1976-07,NaN,5.31,NaN,NaN,NaN
1976-08,NaN,5.29,NaN,NaN,NaN
1976-09,NaN,5.25,NaN,NaN,NaN
1976-10,NaN,5.02,NaN,NaN,NaN
1976-11,NaN,4.95,NaN,NaN,NaN
1976-12,NaN,4.65,NaN,NaN,NaN
1976-Q1,878.431,NaN,33.6371071716229,25.3109177811756,23.5848061531451
1976-Q2,899.273,NaN,33.8837929826461,25.2440033380215,23.7957614854631
1976-Q3,914.788,NaN,34.0692754354316,25.3783775712004,24.1754810836353
1976-Q4,937.324,NaN,34.3154612364015,26.2836238690392,24.5270733041652
1977-01,NaN,4.61,NaN,NaN,NaN
1977-02,NaN,4.68,NaN,NaN,NaN
1977-03,NaN,4.69,NaN,NaN,NaN
1977-04,NaN,4.73,NaN,NaN,NaN
1977-05,NaN,5.35,NaN,NaN,NaN
1977-06,NaN,5.39,NaN,NaN,NaN
1977-07,NaN,5.42,NaN,NaN,NaN
1977-08,NaN,5.9,NaN,NaN,NaN
1977-09,NaN,6.14,NaN,NaN,NaN
1977-10,NaN,6.47,NaN,NaN,NaN
1977-11,NaN,6.51,NaN,NaN,NaN
1977-12,NaN,6.56,NaN,NaN,NaN
1977-Q1,963.571,NaN,34.7225226124227,27.199849692428,24.9771113464435
1977-Q2,995.002,NaN,35.3968074464476,28.5452139901693,25.4130856999006
1977-Q3,1018.621,NaN,36.0350702796046,28.7105896179884,25.7646779204305
1977-Q4,1054.347,NaN,36.0357883791493,29.0114530142363,26.1443975186027
1978-01,NaN,6.7,NaN,NaN,NaN
1978-02,NaN,6.78,NaN,NaN,NaN
1978-03,NaN,6.79,NaN,NaN,NaN
1978-04,NaN,6.89,NaN,NaN,NaN
1978-05,NaN,7.36,NaN,NaN,NaN
1978-06,NaN,7.6,NaN,NaN,NaN
1978-07,NaN,7.81,NaN,NaN,NaN
1978-08,NaN,8.04,NaN,NaN,NaN
1978-09,NaN,8.45,NaN,NaN,NaN
1978-10,NaN,8.96,NaN,NaN,NaN
1978-11,NaN,9.76,NaN,NaN,NaN
1978-12,NaN,10.03,NaN,NaN,NaN
1978-Q1,1083.794,NaN,36.1510460157124,29.1442661954307,26.594435560881
1978-Q2,1124.297,NaN,37.5482017670355,31.5661823027835,27.1991741801924
1978-Q3,1152.206,NaN,37.9258423387449,32.4729668773996,27.8320401771462
1978-Q4,1187.814,NaN,38.4356132266915,33.200171909113,28.4789698629212
1979-01,NaN,10.07,NaN,NaN,NaN
1979-02,NaN,10.06,NaN,NaN,NaN
1979-03,NaN,10.09,NaN,NaN,NaN
1979-04,NaN,10.01,NaN,NaN,NaN
1979-05,NaN,10.24,NaN,NaN,NaN
1979-06,NaN,10.29,NaN,NaN,NaN
1979-07,NaN,10.47,NaN,NaN,NaN
1979-08,NaN,10.94,NaN,NaN,NaN
1979-09,NaN,11.43,NaN,NaN,NaN
1979-10,NaN,13.77,NaN,NaN,NaN
1979-11,NaN,13.18,NaN,NaN,NaN
1979-12,NaN,13.78,NaN,NaN,NaN
1979-Q1,1223.591,NaN,38.5046412103392,33.0102980404461,29.1962179928022
1979-Q2,1274.632,NaN,38.5457431005794,33.0546431577918,30.1244214550011
1979-Q3,1314.387,NaN,38.8320626872179,33.9198443411263,31.0948159836636
1979-Q4,1346.999,NaN,38.9291603841822,33.6363674201987,32.0792742011473
1980-01,NaN,13.82,NaN,NaN,NaN
1980-02,NaN,14.13,NaN,NaN,NaN
1980-03,NaN,17.19,NaN,NaN,NaN
1980-04,NaN,17.61,NaN,NaN,NaN
1980-05,NaN,10.98,NaN,NaN,NaN
1980-06,NaN,9.47,NaN,NaN,NaN
1980-07,NaN,9.03,NaN,NaN,NaN
1980-08,NaN,9.61,NaN,NaN,NaN
1980-09,NaN,10.87,NaN,NaN,NaN
1980-10,NaN,12.81,NaN,NaN,NaN
1980-11,NaN,15.85,NaN,NaN,NaN
1980-12,NaN,18.9,NaN,NaN,NaN
1980-Q1,1388.018,NaN,39.0516202932165,33.4578675354276,33.3450061950549
1980-Q2,1409.73,NaN,38.2469870936767,30.784201023739,34.4701013007506
1980-Q3,1436.602,NaN,38.2015287328649,30.7906565964386,35.1170309865256
1980-Q4,1477.729,NaN,38.9139579508567,31.858792016694,36.1014892040093
1981-01,NaN,19.08,NaN,NaN,NaN
1981-02,NaN,15.93,NaN,NaN,NaN
1981-03,NaN,14.7,NaN,NaN,NaN
1981-04,NaN,15.72,NaN,NaN,NaN
1981-05,NaN,18.52,NaN,NaN,NaN
1981-06,NaN,19.1,NaN,NaN,NaN
1981-07,NaN,19.04,NaN,NaN,NaN
1981-08,NaN,17.82,NaN,NaN,NaN
1981-09,NaN,15.87,NaN,NaN,NaN
1981-10,NaN,15.08,NaN,NaN,NaN
1981-11,NaN,13.31,NaN,NaN,NaN
1981-12,NaN,12.37,NaN,NaN,NaN
1981-Q1,1513.122,NaN,39.6764466860025,32.2296873456805,37.1000111103142
1981-Q2,1571.902,NaN,39.3824141783276,32.1833050525462,37.8735139954799
1981-Q3,1622.502,NaN,39.8540194052838,32.0729634468215,38.9282906570696
1981-Q4,1661.467,NaN,39.4197713124232,32.0855939996722,39.5611566540234
1982-01,NaN,13.22,NaN,NaN,NaN
1982-02,NaN,14.78,NaN,NaN,NaN
1982-03,NaN,14.68,NaN,NaN,NaN
1982-04,NaN,14.94,NaN,NaN,NaN
1982-05,NaN,14.45,NaN,NaN,NaN
1982-06,NaN,14.15,NaN,NaN,NaN
1982-07,NaN,12.59,NaN,NaN,NaN
1982-08,NaN,10.12,NaN,NaN,NaN
1982-09,NaN,10.31,NaN,NaN,NaN
1982-10,NaN,9.71,NaN,NaN,NaN
1982-11,NaN,9.2,NaN,NaN,NaN
1982-12,NaN,8.95,NaN,NaN,NaN
1982-Q1,1704.075,NaN,38.8073281473425,31.0688180480367,39.9127488745533
1982-Q2,1752.702,NaN,38.9843583025233,30.359346242228,40.4893601162223
1982-Q3,1790.472,NaN,38.8353340295885,29.5810021610014,41.1925445572821
1982-Q4,1810.714,NaN,38.8508715760349,29.7638863559669,41.3191177566729
1983-01,NaN,8.68,NaN,NaN,NaN
1983-02,NaN,8.51,NaN,NaN,NaN
1983-03,NaN,8.77,NaN,NaN,NaN
1983-04,NaN,8.8,NaN,NaN,NaN
1983-05,NaN,8.63,NaN,NaN,NaN
1983-06,NaN,8.98,NaN,NaN,NaN
1983-07,NaN,9.37,NaN,NaN,NaN
1983-08,NaN,9.56,NaN,NaN,NaN
1983-09,NaN,9.45,NaN,NaN,NaN
1983-10,NaN,9.48,NaN,NaN,NaN
1983-11,NaN,9.34,NaN,NaN,NaN
1983-12,NaN,9.47,NaN,NaN,NaN
1983-Q1,1859.567,NaN,39.3628446359187,30.3094066518554,41.3472451343152
1983-Q2,1900.464,NaN,40.2585541347587,31.3558262377916,41.8254105542359
1983-Q3,1941.092,NaN,41.063304357928,33.1499030740079,42.2332575300506
1983-Q4,1999.189,NaN,41.9199598800444,34.8508113656406,42.6551681946864
1984-01,NaN,9.56,NaN,NaN,NaN
1984-02,NaN,9.59,NaN,NaN,NaN
1984-03,NaN,9.91,NaN,NaN,NaN
1984-04,NaN,10.29,NaN,NaN,NaN
1984-05,NaN,10.32,NaN,NaN,NaN
1984-06,NaN,11.06,NaN,NaN,NaN
1984-07,NaN,11.23,NaN,NaN,NaN
1984-08,NaN,11.64,NaN,NaN,NaN
1984-09,NaN,11.3,NaN,NaN,NaN
1984-10,NaN,9.99,NaN,NaN,NaN
1984-11,NaN,9.43,NaN,NaN,NaN
1984-12,NaN,8.38,NaN,NaN,NaN
1984-Q1,2070.625,NaN,42.73940720723,35.972581086464,43.2599068139979
1984-Q2,2162.909,NaN,43.4778422672541,37.3660705185917,43.6677537898125
1984-Q3,2231.207,NaN,43.8969730348834,38.1106362852043,44.0474733879848
1984-Q4,2325.746,NaN,44.2572675131447,39.0772352064649,44.4271929861571
1985-01,NaN,8.35,NaN,NaN,NaN
1985-02,NaN,8.5,NaN,NaN,NaN
1985-03,NaN,8.58,NaN,NaN,NaN
1985-04,NaN,8.27,NaN,NaN,NaN
1985-05,NaN,7.97,NaN,NaN,NaN
1985-06,NaN,7.53,NaN,NaN,NaN
1985-07,NaN,7.88,NaN,NaN,NaN
1985-08,NaN,7.9,NaN,NaN,NaN
1985-09,NaN,7.92,NaN,NaN,NaN
1985-10,NaN,7.99,NaN,NaN,NaN
1985-11,NaN,8.05,NaN,NaN,NaN
1985-12,NaN,8.27,NaN,NaN,NaN
1985-Q1,2378.482,NaN,44.6861112420239,39.364589217566,44.8350399619718
1985-Q2,2448.784,NaN,45.0795606422299,40.2149692025531,45.2428869377865
1985-Q3,2493.45,NaN,45.7680478894735,40.2551539814361,45.5241607142104
1985-Q4,2578.134,NaN,46.1083100500638,40.8017172380872,45.9882624453098
1986-01,NaN,8.14,NaN,NaN,NaN
1986-02,NaN,7.86,NaN,NaN,NaN
1986-03,NaN,7.48,NaN,NaN,NaN
1986-04,NaN,6.99,NaN,NaN,NaN
1986-05,NaN,6.85,NaN,NaN,NaN
1986-06,NaN,6.92,NaN,NaN,NaN
1986-07,NaN,6.56,NaN,NaN,NaN
1986-08,NaN,6.17,NaN,NaN,NaN
1986-09,NaN,5.89,NaN,NaN,NaN
1986-10,NaN,5.85,NaN,NaN,NaN
1986-11,NaN,6.04,NaN,NaN,NaN
1986-12,NaN,6.91,NaN,NaN,NaN
1986-Q1,2640.508,NaN,46.5388453023151,40.9674485552509,46.2273451552701
1986-Q2,2721.637,NaN,46.7484080265018,41.1041135204252,46.002326134131
1986-Q3,2783.965,NaN,47.1956351037271,41.3879950749737,46.2835999105549
1986-Q4,2875.176,NaN,47.4487891299091,41.3788665955623,46.6070647534424
1987-01,NaN,6.43,NaN,NaN,NaN
1987-02,NaN,6.1,NaN,NaN,NaN
1987-03,NaN,6.13,NaN,NaN,NaN
1987-04,NaN,6.37,NaN,NaN,NaN
1987-05,NaN,6.85,NaN,NaN,NaN
1987-06,NaN,6.73,NaN,NaN,NaN
1987-07,NaN,6.58,NaN,NaN,NaN
1987-08,NaN,6.73,NaN,NaN,NaN
1987-09,NaN,7.22,NaN,NaN,NaN
1987-10,NaN,7.29,NaN,NaN,NaN
1987-11,NaN,6.69,NaN,NaN,NaN
1987-12,NaN,6.77,NaN,NaN,NaN
1987-Q1,2936.974,NaN,47.8007855689864,40.8094644951665,47.1696123062903
1987-Q2,3000.424,NaN,48.3161629526381,41.6158874229043,47.7040324814957
1987-Q3,3054.29,NaN,48.7351501003584,42.4996864970547,48.2103252790587
1987-Q4,3136.377,NaN,49.5719116054568,42.4277498321997,48.660363321337
1988-01,NaN,6.83,NaN,NaN,NaN
1988-02,NaN,6.58,NaN,NaN,NaN
1988-03,NaN,6.58,NaN,NaN,NaN
1988-04,NaN,6.87,NaN,NaN,NaN
1988-05,NaN,7.09,NaN,NaN,NaN
1988-06,NaN,7.51,NaN,NaN,NaN
1988-07,NaN,7.75,NaN,NaN,NaN
1988-08,NaN,8.01,NaN,NaN,NaN
1988-09,NaN,8.19,NaN,NaN,NaN
1988-10,NaN,8.3,NaN,NaN,NaN
1988-11,NaN,8.35,NaN,NaN,NaN
1988-12,NaN,8.76,NaN,NaN,NaN
1988-Q1,3210.165,NaN,49.8281401615416,42.0950981348596,49.0400829195093
1988-Q2,3295.424,NaN,50.4828980072046,42.9448444124592,49.6026304723571
1988-Q3,3352.271,NaN,50.7787124656017,43.0444726093968,50.2073690916685
1988-Q4,3439.017,NaN,51.4553164951934,43.5180954282499,50.7558529556952
1989-01,NaN,9.12,NaN,NaN,NaN
1989-02,NaN,9.36,NaN,NaN,NaN
1989-03,NaN,9.85,NaN,NaN,NaN
1989-04,NaN,9.84,NaN,NaN,NaN
1989-05,NaN,9.81,NaN,NaN,NaN
1989-06,NaN,9.53,NaN,NaN,NaN
1989-07,NaN,9.24,NaN,NaN,NaN
1989-08,NaN,8.99,NaN,NaN,NaN
1989-09,NaN,9.02,NaN,NaN,NaN
1989-10,NaN,8.84,NaN,NaN,NaN
1989-11,NaN,8.55,NaN,NaN,NaN
1989-12,NaN,8.45,NaN,NaN,NaN
1989-Q1,3510.762,NaN,51.9783057340196,43.8624323980612,51.3324641973642
1989-Q2,3588.595,NaN,52.3749520070138,44.0254016245428,52.1622218378147
1989-Q3,3621.054,NaN,52.7629119351442,44.8925481178749,52.5700688136294
1989-Q4,3679.918,NaN,52.8668448759236,44.2984287753518,53.1044889888348
1990-01,NaN,8.23,NaN,NaN,NaN
1990-02,NaN,8.24,NaN,NaN,NaN
1990-03,NaN,8.28,NaN,NaN,NaN
1990-04,NaN,8.26,NaN,NaN,NaN
1990-05,NaN,8.18,NaN,NaN,NaN
1990-06,NaN,8.29,NaN,NaN,NaN
1990-07,NaN,8.15,NaN,NaN,NaN
1990-08,NaN,8.13,NaN,NaN,NaN
1990-09,NaN,8.2,NaN,NaN,NaN
1990-10,NaN,8.11,NaN,NaN,NaN
1990-11,NaN,7.81,NaN,NaN,NaN
1990-12,NaN,7.31,NaN,NaN,NaN
1990-Q1,3740.324,NaN,53.4446171311317,45.1140401902279,54.0186287622126
1990-Q2,3781.538,NaN,53.6386050740807,44.2667186806673,54.553048937418
1990-Q3,3801.561,NaN,53.6743185581072,43.8858126809566,55.4953160884381
1990-Q4,3811.851,NaN,53.1856651160326,43.0656987428039,56.4375832394582
1991-01,NaN,6.91,NaN,NaN,NaN
1991-02,NaN,6.25,NaN,NaN,NaN
1991-03,NaN,6.12,NaN,NaN,NaN
1991-04,NaN,5.91,NaN,NaN,NaN
1991-05,NaN,5.78,NaN,NaN,NaN
1991-06,NaN,5.9,NaN,NaN,NaN
1991-07,NaN,5.82,NaN,NaN,NaN
1991-08,NaN,5.66,NaN,NaN,NaN
1991-09,NaN,5.45,NaN,NaN,NaN
1991-10,NaN,5.21,NaN,NaN,NaN
1991-11,NaN,4.81,NaN,NaN,NaN
1991-12,NaN,4.43,NaN,NaN,NaN
1991-Q1,3798.505,NaN,52.9367877715839,41.6858861928314,56.8594939040941
1991-Q2,3804.934,NaN,53.3495301128927,41.8024900702939,57.1970224358028
1991-Q3,3767.269,NaN,53.6191365975337,41.9190939477563,57.6329967892598
1991-Q4,3726.189,NaN,53.8060233338734,41.9735090905722,58.1111622091805
1992-01,NaN,4.03,NaN,NaN,NaN
1992-02,NaN,4.06,NaN,NaN,NaN
1992-03,NaN,3.98,NaN,NaN,NaN
1992-04,NaN,3.73,NaN,NaN,NaN
1992-05,NaN,3.82,NaN,NaN,NaN
1992-06,NaN,3.76,NaN,NaN,NaN
1992-07,NaN,3.25,NaN,NaN,NaN
1992-08,NaN,3.3,NaN,NaN,NaN
1992-09,NaN,3.22,NaN,NaN,NaN
1992-10,NaN,3.1,NaN,NaN,NaN
1992-11,NaN,3.09,NaN,NaN,NaN
1992-12,NaN,2.92,NaN,NaN,NaN
1992-Q1,3740.767,NaN,54.4502171373446,42.5720756615462,58.504945496174
1992-Q2,3738.952,NaN,55.0406226252847,43.7381144361708,58.9549835384522
1992-Q3,3727.447,NaN,55.5844846242121,44.1151336399661,59.4050215807305
1992-Q4,3717.77,NaN,56.1641505345161,45.0790590269892,59.9253780671147
1993-01,NaN,3.02,NaN,NaN,NaN
1993-02,NaN,3.03,NaN,NaN,NaN
1993-03,NaN,3.07,NaN,NaN,NaN
1993-04,NaN,2.96,NaN,NaN,NaN
1993-05,NaN,3,NaN,NaN,NaN
1993-06,NaN,3.04,NaN,NaN,NaN
1993-07,NaN,3.06,NaN,NaN,NaN
1993-08,NaN,3.03,NaN,NaN,NaN
1993-09,NaN,3.09,NaN,NaN,NaN
1993-10,NaN,2.99,NaN,NaN,NaN
1993-11,NaN,3.02,NaN,NaN,NaN
1993-12,NaN,2.96,NaN,NaN,NaN
1993-Q1,3750.451,NaN,56.2579130580391,45.1023798024817,60.3613524205718
1993-Q2,3791.523,NaN,56.5854302815237,46.0429844140122,60.7973267740289
1993-Q3,3814.71,NaN,56.8554303911004,46.53660749527,61.0786005504528
1993-Q4,3845.562,NaN,57.6287491312325,48.2895524531224,61.5848933480158
1994-01,NaN,3.05,NaN,NaN,NaN
1994-02,NaN,3.25,NaN,NaN,NaN
1994-03,NaN,3.34,NaN,NaN,NaN
1994-04,NaN,3.56,NaN,NaN,NaN
1994-05,NaN,4.01,NaN,NaN,NaN
1994-06,NaN,4.25,NaN,NaN,NaN
1994-07,NaN,4.26,NaN,NaN,NaN
1994-08,NaN,4.47,NaN,NaN,NaN
1994-09,NaN,4.73,NaN,NaN,NaN
1994-10,NaN,4.76,NaN,NaN,NaN
1994-11,NaN,5.29,NaN,NaN,NaN
1994-12,NaN,5.45,NaN,NaN,NaN
1994-Q1,3923.147,NaN,58.1879571833944,48.3944959428386,61.8942945020821
1994-Q2,3977.674,NaN,58.9765102723874,49.5333271460554,62.245886722612
1994-Q3,4018.367,NaN,59.3212778427141,50.3106863291385,62.822497964281
1994-Q4,4068.94,NaN,60.0008446978349,51.2862721039078,63.1881538736321
1995-01,NaN,5.53,NaN,NaN,NaN
1995-02,NaN,5.92,NaN,NaN,NaN
1995-03,NaN,5.98,NaN,NaN,NaN
1995-04,NaN,6.05,NaN,NaN,NaN
1995-05,NaN,6.01,NaN,NaN,NaN
1995-06,NaN,6,NaN,NaN,NaN
1995-07,NaN,5.85,NaN,NaN,NaN
1995-08,NaN,5.74,NaN,NaN,NaN
1995-09,NaN,5.8,NaN,NaN,NaN
1995-10,NaN,5.76,NaN,NaN,NaN
1995-11,NaN,5.8,NaN,NaN,NaN
1995-12,NaN,5.6,NaN,NaN,NaN
1995-Q1,4149.28,NaN,60.2137159991834,52.3700207840457,63.6522556047316
1995-Q2,4230.408,NaN,60.393347270493,52.2932932629183,64.1726120911158
1995-Q3,4264.748,NaN,60.9071288773785,52.6769308685553,64.4960769340033
1995-Q4,4326.587,NaN,61.3207382573969,53.5767354345038,64.8476691545332
1996-01,NaN,5.56,NaN,NaN,NaN
1996-02,NaN,5.22,NaN,NaN,NaN
1996-03,NaN,5.31,NaN,NaN,NaN
1996-04,NaN,5.22,NaN,NaN,NaN
1996-05,NaN,5.24,NaN,NaN,NaN
1996-06,NaN,5.27,NaN,NaN,NaN
1996-07,NaN,5.4,NaN,NaN,NaN
1996-08,NaN,5.22,NaN,NaN,NaN
1996-09,NaN,5.3,NaN,NaN,NaN
1996-10,NaN,5.24,NaN,NaN,NaN
1996-11,NaN,5.31,NaN,NaN,NaN
1996-12,NaN,5.29,NaN,NaN,NaN
1996-Q1,4388.531,NaN,61.7800613225096,54.8671528352828,65.4242803962022
1996-Q2,4470.037,NaN,62.8105182114832,56.5656211438756,65.98682794905
1996-Q3,4522.362,NaN,63.3739497528195,57.7827986381239,66.3665475472223
1996-Q4,4560.827,NaN,64.0320055371326,58.7209669646362,66.9431587888914
1997-01,NaN,5.25,NaN,NaN,NaN
1997-02,NaN,5.19,NaN,NaN,NaN
1997-03,NaN,5.39,NaN,NaN,NaN
1997-04,NaN,5.51,NaN,NaN,NaN
1997-05,NaN,5.5,NaN,NaN,NaN
1997-06,NaN,5.56,NaN,NaN,NaN
1997-07,NaN,5.52,NaN,NaN,NaN
1997-08,NaN,5.54,NaN,NaN,NaN
1997-09,NaN,5.54,NaN,NaN,NaN
1997-10,NaN,5.5,NaN,NaN,NaN
1997-11,NaN,5.52,NaN,NaN,NaN
1997-12,NaN,5.5,NaN,NaN,NaN
1997-Q1,4660.68,NaN,64.4452957617978,59.8195655625966,67.351005764706
1997-Q2,4763.528,NaN,65.5184503177777,60.8274861810429,67.5057063417392
1997-Q3,4875.764,NaN,66.3364933614091,62.8189141157586,67.8432348734479
1997-Q4,4986.314,NaN,66.902914324554,63.0142205331738,68.208890782799
1998-01,NaN,5.56,NaN,NaN,NaN
1998-02,NaN,5.51,NaN,NaN,NaN
1998-03,NaN,5.49,NaN,NaN,NaN
1998-04,NaN,5.45,NaN,NaN,NaN
1998-05,NaN,5.49,NaN,NaN,NaN
1998-06,NaN,5.56,NaN,NaN,NaN
1998-07,NaN,5.54,NaN,NaN,NaN
1998-08,NaN,5.55,NaN,NaN,NaN
1998-09,NaN,5.51,NaN,NaN,NaN
1998-10,NaN,5.07,NaN,NaN,NaN
1998-11,NaN,4.83,NaN,NaN,NaN
1998-12,NaN,4.68,NaN,NaN,NaN
1998-Q1,5155.982,NaN,67.574454422541,64.5592337995118,68.3495276710109
1998-Q2,5343.44,NaN,68.1999829571041,66.9342993398644,68.57454669215
1998-Q3,5473.013,NaN,69.0585800076193,68.5420896689431,68.92613891268
1998-Q4,5616.073,NaN,70.1698683090543,70.2649712797128,69.2496037555674
1999-01,NaN,4.63,NaN,NaN,NaN
1999-02,NaN,4.76,NaN,NaN,NaN
1999-03,NaN,4.81,NaN,NaN,NaN
1999-04,NaN,4.74,NaN,NaN,NaN
1999-05,NaN,4.74,NaN,NaN,NaN
1999-06,NaN,4.76,NaN,NaN,NaN
1999-07,NaN,4.99,NaN,NaN,NaN
1999-08,NaN,5.07,NaN,NaN,NaN
1999-09,NaN,5.22,NaN,NaN,NaN
1999-10,NaN,5.2,NaN,NaN,NaN
1999-11,NaN,5.42,NaN,NaN,NaN
1999-12,NaN,5.3,NaN,NaN,NaN
1999-Q1,5799.792,NaN,70.8290677333832,71.4507602425908,69.502750154349
1999-Q2,5914.497,NaN,71.4203083444976,73.0864514884431,70.0231066407332
1999-Q3,6105.836,NaN,72.3672582352986,74.7047046613118,70.5434631271175
1999-Q4,6219.943,NaN,73.5545640226171,75.4161780390386,71.0638196135017
2000-01,NaN,5.45,NaN,NaN,NaN
2000-02,NaN,5.73,NaN,NaN,NaN
2000-03,NaN,5.85,NaN,NaN,NaN
2000-04,NaN,6.02,NaN,NaN,NaN
2000-05,NaN,6.27,NaN,NaN,NaN
2000-06,NaN,6.53,NaN,NaN,NaN
2000-07,NaN,6.54,NaN,NaN,NaN
2000-08,NaN,6.5,NaN,NaN,NaN
2000-09,NaN,6.52,NaN,NaN,NaN
2000-10,NaN,6.51,NaN,NaN,NaN
2000-11,NaN,6.51,NaN,NaN,NaN
2000-12,NaN,6.4,NaN,NaN,NaN
2000-Q1,6398.091,NaN,73.8214151327085,77.3308784526269,71.7670040545615
2000-Q2,6582.849,NaN,75.1659155700046,78.7782385102573,72.3295516074093
2000-Q3,6668.143,NaN,75.2425341318033,79.1060742823471,72.9905449820055
2000-Q4,6766.791,NaN,75.6917612492421,79.339744460326,73.5109014683898
2001-01,NaN,5.98,NaN,NaN,NaN
2001-02,NaN,5.49,NaN,NaN,NaN
2001-03,NaN,5.31,NaN,NaN,NaN
2001-04,NaN,4.8,NaN,NaN,NaN
2001-05,NaN,4.21,NaN,NaN,NaN
2001-06,NaN,3.97,NaN,NaN,NaN
2001-07,NaN,3.77,NaN,NaN,NaN
2001-08,NaN,3.65,NaN,NaN,NaN
2001-09,NaN,3.07,NaN,NaN,NaN
2001-10,NaN,2.49,NaN,NaN,NaN
2001-11,NaN,2.09,NaN,NaN,NaN
2001-12,NaN,1.82,NaN,NaN,NaN
2001-Q1,6824.531,NaN,75.4436445583853,79.1060742823471,74.2140859094495
2001-Q2,6962.479,NaN,75.9147923293351,78.7363871350969,74.7344423958338
2001-Q3,7018.609,NaN,75.6106479162187,77.3797050569806,74.9453977281517
2001-Q4,7071.795,NaN,75.8184074126597,76.329933063374,74.8891429728669
2002-01,NaN,1.73,NaN,NaN,NaN
2002-02,NaN,1.74,NaN,NaN,NaN
2002-03,NaN,1.73,NaN,NaN,NaN
2002-04,NaN,1.75,NaN,NaN,NaN
2002-05,NaN,1.75,NaN,NaN,NaN
2002-06,NaN,1.75,NaN,NaN,NaN
2002-07,NaN,1.73,NaN,NaN,NaN
2002-08,NaN,1.74,NaN,NaN,NaN
2002-09,NaN,1.75,NaN,NaN,NaN
2002-10,NaN,1.75,NaN,NaN,NaN
2002-11,NaN,1.34,NaN,NaN,NaN
2002-12,NaN,1.24,NaN,NaN,NaN
2002-Q1,7115.725,NaN,76.4525212262246,75.7289750382035,75.1282256828272
2002-Q2,7159.277,NaN,76.9209508574162,75.7427902081724,75.7189006133174
2002-Q3,7189.781,NaN,77.2336433147432,75.8906907259155,76.1267475891321
2002-Q4,7246.41,NaN,77.3291080001502,75.8507570647977,76.5767856314104
2003-01,NaN,1.24,NaN,NaN,NaN
2003-02,NaN,1.26,NaN,NaN,NaN
2003-03,NaN,1.25,NaN,NaN,NaN
2003-04,NaN,1.26,NaN,NaN,NaN
2003-05,NaN,1.26,NaN,NaN,NaN
2003-06,NaN,1.22,NaN,NaN,NaN
2003-07,NaN,1.01,NaN,NaN,NaN
2003-08,NaN,1.03,NaN,NaN,NaN
2003-09,NaN,1.01,NaN,NaN,NaN
2003-10,NaN,1.01,NaN,NaN,NaN
2003-11,NaN,1,NaN,NaN,NaN
2003-12,NaN,0.98,NaN,NaN,NaN
2003-Q1,7255.571,NaN,77.7363555501276,76.4064396938506,77.3643522053974
2003-Q2,7291.145,NaN,78.4248055625799,77.8963145427472,77.2377790060066
2003-Q3,7333.249,NaN,79.7291668949514,80.2541991274286,77.8143902476756
2003-Q4,7359.751,NaN,80.6546003956888,81.50311655898,78.1097277129207
2004-01,NaN,1,NaN,NaN,NaN
2004-02,NaN,1.01,NaN,NaN,NaN
2004-03,NaN,1,NaN,NaN,NaN
2004-04,NaN,1,NaN,NaN,NaN
2004-05,NaN,1,NaN,NaN,NaN
2004-06,NaN,1.03,NaN,NaN,NaN
2004-07,NaN,1.26,NaN,NaN,NaN
2004-08,NaN,1.43,NaN,NaN,NaN
2004-09,NaN,1.61,NaN,NaN,NaN
2004-10,NaN,1.76,NaN,NaN,NaN
2004-11,NaN,1.93,NaN,NaN,NaN
2004-12,NaN,2.16,NaN,NaN,NaN
2004-Q1,7494.208,NaN,81.1116308615141,81.3039956469181,78.7707210875169
2004-Q2,7584.568,NaN,81.7402073297006,83.2124701458739,79.3895233956495
2004-Q3,7699.066,NaN,82.5155899411169,84.62471937936,79.8958161932126
2004-Q4,7842.885,NaN,83.3574206970757,85.8599259063761,80.7537012113055
2005-01,NaN,2.28,NaN,NaN,NaN
2005-02,NaN,2.5,NaN,NaN,NaN
2005-03,NaN,2.63,NaN,NaN,NaN
2005-04,NaN,2.79,NaN,NaN,NaN
2005-05,NaN,3,NaN,NaN,NaN
2005-06,NaN,3.04,NaN,NaN,NaN
2005-07,NaN,3.26,NaN,NaN,NaN
2005-08,NaN,3.5,NaN,NaN,NaN
2005-09,NaN,3.62,NaN,NaN,NaN
2005-10,NaN,3.78,NaN,NaN,NaN
2005-11,NaN,4,NaN,NaN,NaN
2005-12,NaN,4.16,NaN,NaN,NaN
2005-Q1,7969.987,NaN,84.2821573752919,87.1240921576102,81.1615481871202
2005-Q2,8153.515,NaN,84.6973518935646,88.4157844833485,81.7100320511468
2005-Q3,8288.212,NaN,85.3612216245624,89.6928796483648,82.947636667412
2005-Q4,8478.876,NaN,85.8354173291356,90.0672446881649,83.7211395525778
2006-01,NaN,4.29,NaN,NaN,NaN
2006-02,NaN,4.49,NaN,NaN,NaN
2006-03,NaN,4.59,NaN,NaN,NaN
2006-04,NaN,4.79,NaN,NaN,NaN
2006-05,NaN,4.94,NaN,NaN,NaN
2006-06,NaN,4.99,NaN,NaN,NaN
2006-07,NaN,5.24,NaN,NaN,NaN
2006-08,NaN,5.25,NaN,NaN,NaN
2006-09,NaN,5.25,NaN,NaN,NaN
2006-10,NaN,5.25,NaN,NaN,NaN
2006-11,NaN,5.25,NaN,NaN,NaN
2006-12,NaN,5.24,NaN,NaN,NaN
2006-Q1,8662.361,NaN,86.9902331014953,91.8501054058369,84.1571139060348
2006-Q2,8899.808,NaN,87.2153227336166,91.5800057997647,84.9165531023794
2006-Q3,9056.039,NaN,87.3461072781144,90.8947733693049,85.7181833651876
2006-Q4,9308.587,NaN,88.0968032229584,90.4770599754324,85.3665911446577
2007-01,NaN,5.25,NaN,NaN,NaN
2007-02,NaN,5.26,NaN,NaN,NaN
2007-03,NaN,5.26,NaN,NaN,NaN
2007-04,NaN,5.25,NaN,NaN,NaN
2007-05,NaN,5.25,NaN,NaN,NaN
2007-06,NaN,5.25,NaN,NaN,NaN
2007-07,NaN,5.26,NaN,NaN,NaN
2007-08,NaN,5.02,NaN,NaN,NaN
2007-09,NaN,4.94,NaN,NaN,NaN
2007-10,NaN,4.76,NaN,NaN,NaN
2007-11,NaN,4.49,NaN,NaN,NaN
2007-12,NaN,4.24,NaN,NaN,NaN
2007-Q1,9538.115,NaN,88.3618298282806,90.4949675636752,86.203521266407
2007-Q2,9865.555,NaN,88.902393888558,91.1555151527,87.1798225443744
2007-Q3,10181.335,NaN,89.4144946105831,90.7744249924244,87.7316816937182
2007-Q4,10471.646,NaN,89.9762293092914,90.2650622823052,88.807835162316
2008-01,NaN,3.94,NaN,NaN,NaN
2008-02,NaN,2.98,NaN,NaN,NaN
2008-03,NaN,2.61,NaN,NaN,NaN
2008-04,NaN,2.28,NaN,NaN,NaN
2008-05,NaN,1.98,NaN,NaN,NaN
2008-06,NaN,2,NaN,NaN,NaN
2008-07,NaN,2.01,NaN,NaN,NaN
2008-08,NaN,2,NaN,NaN,NaN
2008-09,NaN,1.81,NaN,NaN,NaN
2008-10,NaN,0.97,NaN,NaN,NaN
2008-11,NaN,0.39,NaN,NaN,NaN
2008-12,NaN,0.16,NaN,NaN,NaN
2008-Q1,10671.115,NaN,89.5922428653087,89.0786259119152,89.7697914776858
2008-Q2,10887.677,NaN,90.1257003997208,88.8096992919725,90.9376401973979
2008-Q3,11012.922,NaN,89.6523079027866,87.1147082685747,92.3397899728711
2008-Q4,11052.339,NaN,87.689795039496,82.4333727587004,90.2250330848279
2009-01,NaN,0.15,NaN,NaN,NaN
2009-02,NaN,0.22,NaN,NaN,NaN
2009-03,NaN,0.18,NaN,NaN,NaN
2009-04,NaN,0.15,NaN,NaN,NaN
2009-05,NaN,0.18,NaN,NaN,NaN
2009-06,NaN,0.21,NaN,NaN,NaN
2009-07,NaN,0.16,NaN,NaN,NaN
2009-08,NaN,0.16,NaN,NaN,NaN
2009-09,NaN,0.15,NaN,NaN,NaN
2009-10,NaN,0.12,NaN,NaN,NaN
2009-11,NaN,0.12,NaN,NaN,NaN
2009-12,NaN,0.12,NaN,NaN,NaN
2009-Q1,10969.652,NaN,86.6946260940778,77.2106911169109,89.6044024971486
2009-Q2,10892.643,NaN,86.5397453204112,75.3443659195397,90.0808802744107
2009-Q3,10740.668,NaN,86.8436663247804,75.6225982294426,90.8559301653468
2009-Q4,10541.942,NaN,87.7823713689562,75.7526172253013,91.5672715459228
2010-01,NaN,0.11,NaN,NaN,NaN
2010-02,NaN,0.13,NaN,NaN,NaN
2010-03,NaN,0.16,NaN,NaN,NaN
2010-04,NaN,0.2,NaN,NaN,NaN
2010-05,NaN,0.2,NaN,NaN,NaN
2010-06,NaN,0.18,NaN,NaN,NaN
2010-07,NaN,0.18,NaN,NaN,NaN
2010-08,NaN,0.19,NaN,NaN,NaN
2010-09,NaN,0.19,NaN,NaN,NaN
2010-10,NaN,0.19,NaN,NaN,NaN
2010-11,NaN,0.19,NaN,NaN,NaN
2010-12,NaN,0.18,NaN,NaN,NaN
2010-Q1,10502.052,NaN,88.2076777926705,75.4814488985334,91.7124088145576
2010-Q2,10426.422,NaN,89.0611630382781,77.9072102805718,91.6800623302688
2010-Q3,10473.449,NaN,89.7479002503348,78.2090847775725,91.9488194236419
2010-Q4,10410.948,NaN,90.219175683426,79.1927509457201,92.693351109836
2011-01,NaN,0.17,NaN,NaN,NaN
2011-02,NaN,0.16,NaN,NaN,NaN
2011-03,NaN,0.14,NaN,NaN,NaN
2011-04,NaN,0.1,NaN,NaN,NaN
2011-05,NaN,0.09,NaN,NaN,NaN
2011-06,NaN,0.09,NaN,NaN,NaN
2011-07,NaN,0.07,NaN,NaN,NaN
2011-08,NaN,0.1,NaN,NaN,NaN
2011-09,NaN,0.08,NaN,NaN,NaN
2011-10,NaN,0.07,NaN,NaN,NaN
2011-11,NaN,0.08,NaN,NaN,NaN
2011-12,NaN,0.07,NaN,NaN,NaN
2011-Q1,10424.713,NaN,90.0051713805735,78.7404735605668,93.6825909815189
2011-Q2,10496.855,NaN,90.6141304330481,79.9678862464118,94.7477747728362
2011-Q3,10578.544,NaN,90.5939119414209,82.4281334206556,95.3655926227514
2011-Q4,10681.066,NaN,91.6113260149592,84.0341078300082,95.7936913104686
2012-01,NaN,0.08,NaN,NaN,NaN
2012-02,NaN,0.1,NaN,NaN,NaN
2012-03,NaN,0.13,NaN,NaN,NaN
2012-04,NaN,0.14,NaN,NaN,NaN
2012-05,NaN,0.16,NaN,NaN,NaN
2012-06,NaN,0.16,NaN,NaN,NaN
2012-07,NaN,0.16,NaN,NaN,NaN
2012-08,NaN,0.13,NaN,NaN,NaN
2012-09,NaN,0.14,NaN,NaN,NaN
2012-10,NaN,0.16,NaN,NaN,NaN
2012-11,NaN,0.16,NaN,NaN,NaN
2012-12,NaN,0.16,NaN,NaN,NaN
2012-Q1,10766.259,NaN,92.379570184975,85.7619424650304,96.3331744136496
2012-Q2,10883.543,NaN,92.7918923050687,87.0657556474395,96.5365353540041
2012-Q3,11066.944,NaN,92.9255386092337,86.8970802420261,96.972369070573
2012-Q4,11260.084,NaN,93.0329982166663,87.9182037672404,97.6171892030248
2013-01,NaN,0.14,NaN,NaN,NaN
2013-02,NaN,0.15,NaN,NaN,NaN
2013-03,NaN,0.14,NaN,NaN,NaN
2013-04,NaN,0.15,NaN,NaN,NaN
2013-05,NaN,0.11,NaN,NaN,NaN
2013-06,NaN,0.09,NaN,NaN,NaN
2013-07,NaN,0.09,NaN,NaN,NaN
2013-08,NaN,0.08,NaN,NaN,NaN
2013-09,NaN,0.08,NaN,NaN,NaN
2013-10,NaN,0.09,NaN,NaN,NaN
2013-11,NaN,0.08,NaN,NaN,NaN
2013-12,NaN,0.09,NaN,NaN,NaN
2013-Q1,11325.272,NaN,93.950825181485,88.9554102356073,98.0095661211362
2013-Q2,11509.089,NaN,94.2022717265272,89.6551616277138,97.9022601754304
2013-Q3,11693.804,NaN,95.0043038099383,91.0611028024594,98.4317580595484
2013-Q4,11828.196,NaN,95.8324959938024,92.1495035987866,98.795726326241
2014-01,NaN,0.07,NaN,NaN,NaN
2014-02,NaN,0.07,NaN,NaN,NaN
2014-03,NaN,0.08,NaN,NaN,NaN
2014-04,NaN,0.09,NaN,NaN,NaN
2014-05,NaN,0.09,NaN,NaN,NaN
2014-06,NaN,0.1,NaN,NaN,NaN
2014-07,NaN,0.09,NaN,NaN,NaN
2014-08,NaN,0.09,NaN,NaN,NaN
2014-09,NaN,0.09,NaN,NaN,NaN
2014-10,NaN,0.09,NaN,NaN,NaN
2014-11,NaN,0.09,NaN,NaN,NaN
2014-12,NaN,0.12,NaN,NaN,NaN
2014-Q1,12030.386,NaN,95.5017818975296,92.6689279232606,99.4110127121683
2014-Q2,12216.371,NaN,96.7355141502313,95.2742604485369,99.938963590516
2014-Q3,12407.386,NaN,97.9112292789716,96.9536116568755,100.194641453285
2014-Q4,12653.155,NaN,98.406398809508,98.2414722279242,99.9457141611502
2015-01,NaN,0.11,NaN,NaN,NaN
2015-02,NaN,0.11,NaN,NaN,NaN
2015-03,NaN,0.11,NaN,NaN,NaN
2015-04,NaN,0.12,NaN,NaN,NaN
2015-05,NaN,0.12,NaN,NaN,NaN
2015-06,NaN,0.13,NaN,NaN,NaN
2015-07,NaN,0.13,NaN,NaN,NaN
2015-08,NaN,0.14,NaN,NaN,NaN
2015-09,NaN,0.14,NaN,NaN,NaN
2015-10,NaN,0.12,NaN,NaN,NaN
2015-11,NaN,0.12,NaN,NaN,NaN
2015-12,NaN,0.24,NaN,NaN,NaN
2015-Q1,12892.481,NaN,99.292533647751,98.4691358024691,99.2987844753752
2015-Q2,13185.71,NaN,99.9075566519369,99.8495840786682,99.9759510921157
2015-Q3,13354.224,NaN,100.307431713255,100.888432727616,100.353561136965
2015-Q4,13507.732,NaN,100.492477987057,100.792847391246,100.345966745001
2016-01,NaN,0.34,NaN,NaN,NaN
2016-02,NaN,0.38,NaN,NaN,NaN
2016-03,NaN,0.36,NaN,NaN,NaN
2016-04,NaN,0.37,NaN,NaN,NaN
2016-05,NaN,0.37,NaN,NaN,NaN
2016-06,NaN,0.38,NaN,NaN,NaN
2016-07,NaN,0.39,NaN,NaN,NaN
2016-08,NaN,0.4,NaN,NaN,NaN
2016-09,NaN,0.4,NaN,NaN,NaN
2016-10,NaN,0.4,NaN,NaN,NaN
2016-11,NaN,0.41,NaN,NaN,NaN
2016-12,NaN,0.54,NaN,NaN,NaN
2016-Q1,13788.253,NaN,101.074851398608,101.84772685063,100.283664603524
2016-Q2,13947.326,NaN,101.399427073587,102.31053504459,101.085716776996
2016-Q3,14127.256,NaN,102.118744727952,103.248376554614,101.514799922931
2016-Q4,14181.905,NaN,102.684788023929,104.204751245483,102.159198144718
2017-01,NaN,0.65,NaN,NaN,NaN
2017-02,NaN,0.66,NaN,NaN,NaN
2017-03,NaN,0.79,NaN,NaN,NaN
2017-04,NaN,0.9,NaN,NaN,NaN
2017-05,NaN,0.91,NaN,NaN,NaN
2017-06,NaN,1.04,NaN,NaN,NaN
2017-07,NaN,1.15,NaN,NaN,NaN
2017-08,NaN,1.16,NaN,NaN,NaN
2017-09,NaN,1.15,NaN,NaN,NaN
2017-10,NaN,1.15,NaN,NaN,NaN
2017-11,NaN,1.16,NaN,NaN,NaN
2017-12,NaN,1.3,NaN,NaN,NaN
2017-Q1,14468.039,NaN,103.18475020402,105.439879573424,102.878133917258
2017-Q2,14714.21,NaN,103.762453308902,106.546787484238,102.996831450909
2017-Q3,14888.025,NaN,104.580645291698,107.335346959522,103.489201196539
2017-Q4,15197.103,NaN,105.759317926712,109.87798989277,104.312489540131
2018-01,NaN,1.41,NaN,NaN,NaN
2018-02,NaN,1.42,NaN,NaN,NaN
2018-03,NaN,1.51,NaN,NaN,NaN
2018-04,NaN,1.69,NaN,NaN,NaN
2018-05,NaN,1.7,NaN,NaN,NaN
2018-06,NaN,1.82,NaN,NaN,NaN
2018-07,NaN,1.91,NaN,NaN,NaN
2018-08,NaN,1.91,NaN,NaN,NaN
2018-09,NaN,1.95,NaN,NaN,NaN
2018-10,NaN,2.19,NaN,NaN,NaN
2018-11,NaN,2.2,NaN,NaN,NaN
2018-12,NaN,2.27,NaN,NaN,NaN
2018-Q1,15373.939,NaN,106.619574585063,111.528251045098,105.191470091456
2018-Q2,15821.226,NaN,107.185538092202,112.807118722488,105.764143500255
2018-Q3,15973.393,NaN,107.854051533589,113.192770495489,106.189148176432
2018-Q4,16190.896,NaN,108.006820562669,113.24028946691,106.621465970795
2019-01,NaN,2.4,NaN,NaN,NaN
2019-02,NaN,2.4,NaN,NaN,NaN
2019-03,NaN,2.41,NaN,NaN,NaN
2019-04,NaN,2.42,NaN,NaN,NaN
2019-05,NaN,2.39,NaN,NaN,NaN
2019-06,NaN,2.38,NaN,NaN,NaN
2019-07,NaN,2.4,NaN,NaN,NaN
2019-08,NaN,2.13,NaN,NaN,NaN
2019-09,NaN,2.04,NaN,NaN,NaN
2019-10,NaN,1.83,NaN,NaN,NaN
2019-11,NaN,1.55,NaN,NaN,NaN
2019-12,NaN,1.55,NaN,NaN,NaN
2019-Q1,16457.052,NaN,108.593406824882,114.023348940565,106.918069168034
2019-Q2,16624.667,NaN,109.494371748538,115.762183578846,107.680039828367
2019-Q3,16805.922,NaN,110.73404029081,117.099413832765,108.044992553277
2019-Q4,16897.82,NaN,111.444198186538,116.866198123874,108.805556844727
2020-01,NaN,1.55,NaN,NaN,NaN
2020-02,NaN,1.58,NaN,NaN,NaN
2020-03,NaN,0.65,NaN,NaN,NaN
2020-04,NaN,0.05,NaN,NaN,NaN
2020-05,NaN,0.05,NaN,NaN,NaN
2020-06,NaN,0.08,NaN,NaN,NaN
2020-07,NaN,0.09,NaN,NaN,NaN
2020-08,NaN,0.1,NaN,NaN,NaN
2020-09,NaN,0.09,NaN,NaN,NaN
2020-10,NaN,0.09,NaN,NaN,NaN
2020-11,NaN,0.09,NaN,NaN,NaN
2020-12,NaN,0.09,NaN,NaN,NaN
2020-Q1,17785.875,NaN,109.925364456796,116.572143534403,109.191745739757
2020-Q2,18441.834,NaN,101.251131538709,109.150165032632,108.142172643031
2020-Q3,18400.369,NaN,109.107433117538,114.779143003301,109.375839426426
2020-Q4,18469.241,NaN,110.236939870387,118.428928444588,110.137528812982
2021-01,NaN,0.09,NaN,NaN,NaN
2021-02,NaN,0.08,NaN,NaN,NaN
2021-03,NaN,0.07,NaN,NaN,NaN
2021-04,NaN,0.07,NaN,NaN,NaN
2021-05,NaN,0.06,NaN,NaN,NaN
2021-06,NaN,0.08,NaN,NaN,NaN
2021-07,NaN,0.1,NaN,NaN,NaN
2021-08,NaN,0.09,NaN,NaN,NaN
2021-09,NaN,0.08,NaN,NaN,NaN
2021-10,NaN,0.08,NaN,NaN,NaN
2021-11,NaN,0.08,NaN,NaN,NaN
2021-12,NaN,0.08,NaN,NaN,NaN
2021-Q1,18752.068,NaN,111.654058789054,120.252296283263,111.272187227077
2021-Q2,19020.291,NaN,113.350917374828,121.360637843791,113.307343636392
2021-Q3,19197.099,NaN,114.274015722231,120.676291669518,115.134076177377
2021-Q4,19590.705,NaN,116.212985558965,121.121348673385,117.589314971781
2022-01,NaN,0.08,NaN,NaN,NaN
2022-02,NaN,0.08,NaN,NaN,NaN
2022-03,NaN,0.2,NaN,NaN,NaN
2022-04,NaN,0.33,NaN,NaN,NaN
2022-05,NaN,0.77,NaN,NaN,NaN
2022-06,NaN,1.21,NaN,NaN,NaN
2022-07,NaN,1.68,NaN,NaN,NaN
2022-08,NaN,2.33,NaN,NaN,NaN
2022-09,NaN,2.56,NaN,NaN,NaN
2022-10,NaN,3.08,NaN,NaN,NaN
2022-11,NaN,3.78,NaN,NaN,NaN
2022-12,NaN,4.1,NaN,NaN,NaN
2022-Q1,20010.175,NaN,115.634617547097,122.786154853719,120.199676253883
2022-Q2,20321.237,NaN,115.471257879547,122.541157150817,123.002006888395
2022-Q3,20472.145,NaN,116.231773170758,121.690846472407,124.672773120353
2022-Q4,20610.183,NaN,116.970335892924,120.908751454014,125.950881160423
2023-01,NaN,4.33,NaN,NaN,NaN
2023-02,NaN,4.57,NaN,NaN,NaN
2023-03,NaN,4.65,NaN,NaN,NaN
2023-04,NaN,4.83,NaN,NaN,NaN
2023-05,NaN,5.06,NaN,NaN,NaN
2023-06,NaN,5.08,NaN,NaN,NaN
2023-07,NaN,5.12,NaN,NaN,NaN
2023-08,NaN,5.33,NaN,NaN,NaN
2023-09,NaN,5.33,NaN,NaN,NaN
2023-10,NaN,5.33,NaN,NaN,NaN
2023-11,NaN,5.33,NaN,NaN,NaN
2023-12,NaN,5.33,NaN,NaN,NaN
2023-Q1,20869.402,NaN,117.621136212207,121.965898686581,127.134621848503
2023-Q2,20919.603,NaN,118.22232383183,123.918816326664,127.987022027956
2023-Q3,20961.999,NaN,119.633745827443,125.148262188466,129.118445793621
2023-Q4,21032.895,NaN,120.60273871464,126.053390418658,130.002770546698
2024-01,NaN,5.33,NaN,NaN,NaN
2024-02,NaN,5.33,NaN,NaN,NaN
2024-03,NaN,5.33,NaN,NaN,NaN
2024-04,NaN,5.33,NaN,NaN,NaN
2024-05,NaN,5.33,NaN,NaN,NaN
2024-06,NaN,5.33,NaN,NaN,NaN
2024-07,NaN,5.33,NaN,NaN,NaN
2024-08,NaN,5.33,NaN,NaN,NaN
2024-09,NaN,5.13,NaN,NaN,NaN
2024-10,NaN,4.83,NaN,NaN,NaN
2024-11,NaN,4.64,NaN,NaN,NaN
2024-12,NaN,4.48,NaN,NaN,NaN
2024-Q1,21239.855,NaN,NaN,NaN,NaN
2024-Q2,21417.617,NaN,NaN,NaN,NaN
2024-Q3,21582.205,NaN,NaN,NaN,NaN
2024-Q4,21552.863,NaN,NaN,NaN,NaN
2025-01,NaN,4.33,NaN,NaN,NaN
2025-02,NaN,4.33,NaN,NaN,NaN
2025-03,NaN,4.33,NaN,NaN,NaN
2025-04,NaN,4.33,NaN,NaN,NaN
2025-05,NaN,4.33,NaN,NaN,NaN
2025-06,NaN,4.33,NaN,NaN,NaN
2025-07,NaN,4.33,NaN,NaN,NaN
2025-08,NaN,4.33,NaN,NaN,NaN
2025-09,NaN,4.22,NaN,NaN,NaN
2025-10,NaN,4.09,NaN,NaN,NaN
2025-11,NaN,3.88,NaN,NaN,NaN
2025-12,NaN,3.72,NaN,NaN,NaN
2026-01,NaN,3.64,NaN,NaN,NaN
