Row,PL_GDP,PL_Inv,PL_CPI,PL_Rate,PL_Gold,PL_Credit
1979-12,NaN,NaN,NaN,NaN,1.285,NaN
1980-12,NaN,NaN,NaN,NaN,0.758,NaN
1983-01,NaN,NaN,NaN,NaN,0.472,NaN
1983-02,NaN,NaN,NaN,NaN,0.472,NaN
1983-03,NaN,NaN,NaN,NaN,0.472,NaN
1983-04,NaN,NaN,NaN,NaN,0.472,NaN
1983-05,NaN,NaN,NaN,NaN,0.472,NaN
1983-06,NaN,NaN,NaN,NaN,0.472,NaN
1983-07,NaN,NaN,NaN,NaN,0.472,NaN
1983-08,NaN,NaN,NaN,NaN,0.472,NaN
1983-09,NaN,NaN,NaN,NaN,0.472,NaN
1983-10,NaN,NaN,NaN,NaN,0.472,NaN
1983-11,NaN,NaN,NaN,NaN,0.472,NaN
1983-12,NaN,NaN,NaN,NaN,0.472,NaN
1984-01,NaN,NaN,NaN,NaN,0.472,NaN
1984-02,NaN,NaN,NaN,NaN,0.472,NaN
1984-03,NaN,NaN,NaN,NaN,0.472,NaN
1984-04,NaN,NaN,NaN,NaN,0.472,NaN
1984-05,NaN,NaN,NaN,NaN,0.472,NaN
1984-06,NaN,NaN,NaN,NaN,0.472,NaN
1984-07,NaN,NaN,NaN,NaN,0.472,NaN
1984-08,NaN,NaN,NaN,NaN,0.472,NaN
1984-09,NaN,NaN,NaN,NaN,0.472,NaN
1984-10,NaN,NaN,NaN,NaN,0.472,NaN
1984-11,NaN,NaN,NaN,NaN,0.472,NaN
1984-12,NaN,NaN,NaN,NaN,0.472,NaN
1985-01,NaN,NaN,NaN,NaN,0.472,NaN
1985-02,NaN,NaN,NaN,NaN,0.472,NaN
1985-03,NaN,NaN,NaN,NaN,0.472,NaN
1985-04,NaN,NaN,NaN,NaN,0.472,NaN
1985-05,NaN,NaN,NaN,NaN,0.472,NaN
1985-06,NaN,NaN,NaN,NaN,0.472,NaN
1985-07,NaN,NaN,NaN,NaN,0.472,NaN
1985-08,NaN,NaN,NaN,NaN,0.472,NaN
1985-09,NaN,NaN,NaN,NaN,0.472,NaN
1985-10,NaN,NaN,NaN,NaN,0.472,NaN
1985-11,NaN,NaN,NaN,NaN,0.472,NaN
1985-12,NaN,NaN,NaN,NaN,0.472,NaN
1986-01,NaN,NaN,NaN,NaN,0.472,NaN
1986-02,NaN,NaN,NaN,NaN,0.472,NaN
1986-03,NaN,NaN,NaN,NaN,0.472,NaN
1986-04,NaN,NaN,NaN,NaN,0.472,NaN
1986-05,NaN,NaN,NaN,NaN,0.472,NaN
1986-06,NaN,NaN,NaN,NaN,0.472,NaN
1986-07,NaN,NaN,NaN,NaN,0.472,NaN
1986-08,NaN,NaN,NaN,NaN,0.472,NaN
1986-09,NaN,NaN,NaN,NaN,0.472,NaN
1986-10,NaN,NaN,NaN,NaN,0.472,NaN
1986-11,NaN,NaN,NaN,NaN,0.472,NaN
1986-12,NaN,NaN,NaN,NaN,0.472,NaN
1987-01,NaN,NaN,NaN,NaN,0.472,NaN
1987-02,NaN,NaN,NaN,NaN,0.472,NaN
1987-03,NaN,NaN,NaN,NaN,0.472,NaN
1987-04,NaN,NaN,NaN,NaN,0.472,NaN
1987-05,NaN,NaN,NaN,NaN,0.472,NaN
1987-06,NaN,NaN,NaN,NaN,0.472,NaN
1987-07,NaN,NaN,NaN,NaN,0.472,NaN
1987-08,NaN,NaN,NaN,NaN,0.472,NaN
1987-09,NaN,NaN,NaN,NaN,0.472,NaN
1987-10,NaN,NaN,NaN,NaN,0.472,NaN
1987-11,NaN,NaN,NaN,NaN,0.472,NaN
1987-12,NaN,NaN,NaN,NaN,0.472,NaN
1988-01,NaN,NaN,NaN,NaN,0.472,NaN
1988-02,NaN,NaN,NaN,NaN,0.472,NaN
1988-03,NaN,NaN,NaN,NaN,0.472,NaN
1988-04,NaN,NaN,NaN,NaN,0.472,NaN
1988-05,NaN,NaN,NaN,NaN,0.472,NaN
1988-06,NaN,NaN,NaN,NaN,0.472,NaN
1988-07,NaN,NaN,NaN,NaN,0.472,NaN
1988-08,NaN,NaN,NaN,NaN,0.472,NaN
1988-09,NaN,NaN,NaN,NaN,0.472,NaN
1988-10,NaN,NaN,NaN,NaN,0.472,NaN
1988-11,NaN,NaN,NaN,NaN,0.472,NaN
1988-12,NaN,NaN,NaN,NaN,0.472,NaN
1989-01,NaN,NaN,NaN,NaN,0.472,NaN
1989-02,NaN,NaN,NaN,NaN,0.472,NaN
1989-03,NaN,NaN,NaN,NaN,0.472,NaN
1989-04,NaN,NaN,NaN,NaN,0.472,NaN
1989-05,NaN,NaN,NaN,NaN,0.472,NaN
1989-06,NaN,NaN,NaN,NaN,0.472,NaN
1989-07,NaN,NaN,NaN,NaN,0.472,NaN
1989-08,NaN,NaN,NaN,NaN,0.472,NaN
1989-09,NaN,NaN,NaN,NaN,0.472,NaN
1989-10,NaN,NaN,NaN,NaN,0.472,NaN
1989-11,NaN,NaN,NaN,NaN,0.472,NaN
1989-12,NaN,NaN,NaN,NaN,0.472,NaN
1989-Q1,NaN,NaN,0.5184165232358,NaN,NaN,NaN
1989-Q2,NaN,NaN,0.662421113023523,NaN,NaN,NaN
1989-Q3,NaN,NaN,1.06563396442914,NaN,NaN,NaN
1989-Q4,NaN,NaN,2.50567986230637,NaN,NaN,NaN
1990-01,NaN,NaN,NaN,NaN,0.472,NaN
1990-02,NaN,NaN,NaN,NaN,0.472,NaN
1990-03,NaN,NaN,NaN,NaN,0.472,NaN
1990-04,NaN,NaN,NaN,NaN,0.472,NaN
1990-05,NaN,NaN,NaN,NaN,0.472,NaN
1990-06,NaN,NaN,NaN,NaN,0.472,NaN
1990-07,NaN,NaN,NaN,NaN,0.472,NaN
1990-08,NaN,NaN,NaN,NaN,0.472,NaN
1990-09,NaN,NaN,NaN,NaN,0.472,NaN
1990-10,NaN,NaN,NaN,NaN,0.472,NaN
1990-11,NaN,NaN,NaN,NaN,0.472,NaN
1990-12,NaN,NaN,NaN,NaN,0.472,NaN
1990-Q1,NaN,NaN,6.16339644291452,NaN,NaN,NaN
1990-Q2,NaN,NaN,7.57464142283419,NaN,NaN,NaN
1990-Q3,NaN,NaN,8.35226620768789,NaN,NaN,NaN
1990-Q4,NaN,NaN,9.6483075157774,NaN,NaN,NaN
1991-01,NaN,NaN,NaN,NaN,0.472,NaN
1991-02,NaN,NaN,NaN,NaN,0.472,NaN
1991-03,NaN,NaN,NaN,NaN,0.472,NaN
1991-04,NaN,NaN,NaN,NaN,0.472,NaN
1991-05,NaN,NaN,NaN,NaN,0.472,NaN
1991-06,NaN,NaN,NaN,68.5,0.472,NaN
1991-07,NaN,NaN,NaN,62,0.472,NaN
1991-08,NaN,NaN,NaN,49.1,0.472,NaN
1991-09,NaN,NaN,NaN,48.7,0.473,NaN
1991-10,NaN,NaN,NaN,47,0.473,NaN
1991-11,NaN,NaN,NaN,46.9,0.473,NaN
1991-12,NaN,NaN,NaN,47.2,0.473,NaN
1991-Q1,NaN,NaN,12.1827882960413,NaN,NaN,NaN
1991-Q2,NaN,NaN,13.594033275961,NaN,NaN,NaN
1991-Q3,NaN,NaN,14.4292598967298,NaN,NaN,NaN
1991-Q4,NaN,NaN,15.8981067125645,NaN,NaN,NaN
1992-01,NaN,NaN,NaN,46.4,0.473,NaN
1992-02,NaN,NaN,NaN,46.9,0.473,NaN
1992-03,NaN,NaN,NaN,46.4,0.473,NaN
1992-04,NaN,NaN,NaN,47.2,0.473,NaN
1992-05,NaN,NaN,NaN,46.3,0.473,NaN
1992-06,NaN,NaN,NaN,47.6,0.473,NaN
1992-07,NaN,NaN,NaN,44.5,0.473,NaN
1992-08,NaN,NaN,NaN,44.5,0.473,NaN
1992-09,NaN,NaN,NaN,44.7,0.473,NaN
1992-10,NaN,NaN,NaN,43,0.473,NaN
1992-11,NaN,NaN,NaN,43.9,0.473,NaN
1992-12,NaN,NaN,NaN,44.3,0.473,NaN
1992-Q1,NaN,NaN,17.9717728055077,NaN,NaN,NaN
1992-Q2,NaN,NaN,19.6422260470453,NaN,NaN,NaN
1992-Q3,NaN,NaN,21.1110728628801,NaN,NaN,NaN
1992-Q4,NaN,NaN,23.2423407917384,NaN,NaN,NaN
1993-01,NaN,NaN,NaN,41,0.473,NaN
1993-02,NaN,NaN,NaN,38,0.473,NaN
1993-03,NaN,NaN,NaN,35.1,0.473,NaN
1993-04,NaN,NaN,NaN,33.5,0.473,NaN
1993-05,NaN,NaN,NaN,33.4,0.473,NaN
1993-06,NaN,NaN,NaN,33.4,0.473,NaN
1993-07,NaN,NaN,NaN,33.9,0.473,NaN
1993-08,NaN,NaN,NaN,33.9,0.473,NaN
1993-09,NaN,NaN,NaN,34,0.473,NaN
1993-10,NaN,NaN,NaN,33.9,0.473,NaN
1993-11,NaN,NaN,NaN,34.3,0.473,NaN
1993-12,NaN,NaN,NaN,34.1,0.473,NaN
1993-Q1,NaN,NaN,25.4600114744693,NaN,NaN,NaN
1993-Q2,NaN,NaN,27.1592656339644,NaN,NaN,NaN
1993-Q3,NaN,NaN,28.5417096959266,NaN,NaN,NaN
1993-Q4,NaN,NaN,31.104991394148,NaN,NaN,NaN
1994-01,NaN,NaN,NaN,34.3,0.473,NaN
1994-02,NaN,NaN,NaN,34.1,0.473,NaN
1994-03,NaN,NaN,NaN,33.2,0.473,NaN
1994-04,NaN,NaN,NaN,33.2,0.473,NaN
1994-05,NaN,NaN,NaN,32.41,0.473,NaN
1994-06,NaN,NaN,NaN,31.8,0.473,NaN
1994-07,NaN,NaN,NaN,31.69,0.473,NaN
1994-08,NaN,NaN,NaN,31.03,0.473,NaN
1994-09,NaN,NaN,NaN,30.5,0.473,NaN
1994-10,NaN,NaN,NaN,30.32,0.473,NaN
1994-11,NaN,NaN,NaN,29.64,0.473,NaN
1994-12,NaN,NaN,NaN,28.89,0.473,NaN
1994-Q1,NaN,NaN,33.7258749282846,NaN,NaN,NaN
1994-Q2,NaN,NaN,35.9435456110155,NaN,NaN,NaN
1994-Q3,NaN,NaN,38.2188181296615,NaN,NaN,NaN
1994-Q4,NaN,NaN,41.4157200229489,NaN,NaN,NaN
1995-01,NaN,NaN,NaN,28.61,0.473,NaN
1995-02,NaN,NaN,NaN,30.08,0.473,NaN
1995-03,NaN,NaN,NaN,30.44,0.473,NaN
1995-04,NaN,NaN,NaN,29.93,0.473,NaN
1995-05,NaN,NaN,NaN,28.96,0.473,NaN
1995-06,NaN,NaN,NaN,27.68,0.473,NaN
1995-07,NaN,NaN,NaN,27.18,0.473,NaN
1995-08,NaN,NaN,NaN,26.58,0.473,NaN
1995-09,NaN,NaN,NaN,25.82,0.473,NaN
1995-10,NaN,NaN,NaN,25.66,0.473,NaN
1995-11,NaN,NaN,NaN,25.8,0.473,NaN
1995-12,NaN,NaN,NaN,25.54,0.473,NaN
1995-Q1,44.1497570213269,33.8558830272918,44.7854274239816,NaN,NaN,NaN
1995-Q2,44.974479983159,27.340104967408,47.3775100401606,NaN,NaN,NaN
1995-Q3,46.2514761153171,30.6852943787377,48.1263339070568,NaN,NaN,NaN
1995-Q4,46.811018206247,32.8570751703664,50.7472174411933,NaN,NaN,27.235
1996-01,NaN,NaN,NaN,22.95,0.473,NaN
1996-02,NaN,NaN,NaN,22.67,0.473,NaN
1996-03,NaN,NaN,NaN,22.65,0.473,NaN
1996-04,NaN,NaN,NaN,22.87,0.473,NaN
1996-05,NaN,NaN,NaN,21.59,0.473,NaN
1996-06,NaN,NaN,NaN,21.63,0.473,NaN
1996-07,NaN,NaN,NaN,20.18,0.473,NaN
1996-08,NaN,NaN,NaN,19.46,0.473,NaN
1996-09,NaN,NaN,NaN,20.01,0.473,NaN
1996-10,NaN,NaN,NaN,19.76,0.473,NaN
1996-11,NaN,NaN,NaN,19.8,0.473,NaN
1996-12,NaN,NaN,NaN,22.43,0.473,NaN
1996-Q1,47.804818160497,35.7815017952945,54.0017211703959,NaN,NaN,27.682
1996-Q2,48.7705498216095,37.8414204637976,56.709007458405,NaN,NaN,28.295
1996-Q3,49.2996883018271,38.5436357586283,57.8322432587493,NaN,NaN,29.872
1996-Q4,47.585921059816,35.7193077618916,60.3091222030981,NaN,NaN,32.573
1997-01,NaN,NaN,NaN,21.47,0.904,NaN
1997-02,NaN,NaN,NaN,21.77,0.904,NaN
1997-03,NaN,NaN,NaN,22.08,0.904,NaN
1997-04,NaN,NaN,NaN,22.11,0.904,NaN
1997-05,NaN,NaN,NaN,22.14,0.904,NaN
1997-06,NaN,NaN,NaN,22.14,0.904,NaN
1997-07,NaN,NaN,NaN,24.36,0.904,NaN
1997-08,NaN,NaN,NaN,24.09,0.904,NaN
1997-09,NaN,NaN,NaN,24.23,0.904,NaN
1997-10,NaN,NaN,NaN,24.15,0.904,NaN
1997-11,NaN,NaN,NaN,24.35,0.904,NaN
1997-12,NaN,NaN,NaN,24.43,0.904,NaN
1997-Q1,50.5775518376558,41.4274347575331,63.4484222604704,NaN,NaN,32.52
1997-Q2,51.2788143436985,43.0284682023474,65.1764773379231,NaN,NaN,32.2
1997-Q3,51.475670494697,45.3897719679183,66.1269076305221,NaN,NaN,32.82
1997-Q4,52.3635359955286,47.133165485688,68.2293746414228,NaN,NaN,33.541
1998-01,NaN,NaN,NaN,24.98,0.907,NaN
1998-02,NaN,NaN,NaN,23.59,0.907,NaN
1998-03,NaN,NaN,NaN,24.19,0.907,NaN
1998-04,NaN,NaN,NaN,22.74,0.907,NaN
1998-05,NaN,NaN,NaN,21.6,0.907,NaN
1998-06,NaN,NaN,NaN,21.08,3.303,NaN
1998-07,NaN,NaN,NaN,18.87,3.303,NaN
1998-08,NaN,NaN,NaN,18.69,3.303,NaN
1998-09,NaN,NaN,NaN,17.64,3.303,NaN
1998-10,NaN,NaN,NaN,15.78,3.303,NaN
1998-11,NaN,NaN,NaN,15.05,3.305,NaN
1998-12,NaN,NaN,NaN,14.65,3.305,NaN
1998-Q1,53.3920543377245,48.9871140715907,72.0598967297762,NaN,NaN,37.396
1998-Q2,53.399527353964,49.9230743676168,73.528743545611,NaN,NaN,40.261
1998-Q3,53.9119849943613,51.1933139780273,73.4423407917384,NaN,NaN,42.779
1998-Q4,54.0782818468092,52.2780607007231,74.4503729202524,NaN,NaN,46.952
1999-01,NaN,NaN,NaN,12.6,3.305,NaN
1999-02,NaN,NaN,NaN,12.68,3.306,NaN
1999-03,NaN,NaN,NaN,12.84,3.306,NaN
1999-04,NaN,NaN,NaN,12.95,3.306,NaN
1999-05,NaN,NaN,NaN,13.04,3.306,NaN
1999-06,NaN,NaN,NaN,13.11,3.306,NaN
1999-07,NaN,NaN,NaN,13.46,3.306,NaN
1999-08,NaN,NaN,NaN,13.63,3.306,NaN
1999-09,NaN,NaN,NaN,16.32,3.306,NaN
1999-10,NaN,NaN,NaN,17.42,3.306,NaN
1999-11,NaN,NaN,NaN,18.59,3.306,NaN
1999-12,NaN,NaN,NaN,19.5,3.306,NaN
1999-Q1,54.5133403904406,52.8154781452236,76.4088353413654,NaN,NaN,43.768
1999-Q2,55.6551772378153,53.7280203726305,78.079288582903,NaN,NaN,46.677
1999-Q3,56.7687233808548,54.4621495935331,78.7705106138841,NaN,NaN,47.751
1999-Q4,57.6092597788365,54.5998260527647,81.2185886402754,NaN,NaN,49.271
2000-01,NaN,NaN,NaN,17.34,3.306,NaN
2000-02,NaN,NaN,NaN,18.59,3.309,NaN
2000-03,NaN,NaN,NaN,18.3,3.305,NaN
2000-04,NaN,NaN,NaN,18.52,3.306,NaN
2000-05,NaN,NaN,NaN,18.42,3.306,NaN
2000-06,NaN,NaN,NaN,18.6,3.306,NaN
2000-07,NaN,NaN,NaN,18.54,3.314,NaN
2000-08,NaN,NaN,NaN,19.63,3.306,NaN
2000-09,NaN,NaN,NaN,19.51,3.306,NaN
2000-10,NaN,NaN,NaN,19.82,3.306,NaN
2000-11,NaN,NaN,NaN,19.78,3.306,NaN
2000-12,NaN,NaN,NaN,19.45,3.306,NaN
2000-Q1,57.9900944724924,54.1897375488035,84.0986804360298,NaN,NaN,51.344
2000-Q2,58.6295044244816,55.4692354654123,85.797934595525,NaN,NaN,53.167
2000-Q3,58.8211561534562,55.2274302917619,87.122776821572,NaN,NaN,51.981
2000-Q4,59.9149521821485,56.0571923696308,88.5916236374067,NaN,NaN,58.527
2001-01,NaN,NaN,NaN,18.86,3.306,NaN
2001-02,NaN,NaN,NaN,18.29,3.306,NaN
2001-03,NaN,NaN,NaN,17.37,3.306,NaN
2001-04,NaN,NaN,NaN,17.15,3.306,NaN
2001-05,NaN,NaN,NaN,17.16,3.306,NaN
2001-06,NaN,NaN,NaN,16.09,3.306,NaN
2001-07,NaN,NaN,NaN,15.49,3.306,NaN
2001-08,NaN,NaN,NaN,15.42,3.306,NaN
2001-09,NaN,NaN,NaN,14.56,3.307,NaN
2001-10,NaN,NaN,NaN,13.84,3.307,NaN
2001-11,NaN,NaN,NaN,12.45,3.308,NaN
2001-12,NaN,NaN,NaN,11.91,3.308,NaN
2001-Q1,59.6918737509526,53.9013140804133,89.714859437751,NaN,NaN,60.662
2001-Q2,59.5027130273912,51.6224637006321,91.3853126792886,NaN,NaN,63.3
2001-Q3,59.7955173690357,49.4874982912979,91.3277108433735,NaN,NaN,62.13
2001-Q4,59.8128876835685,48.6953140444693,91.8749282845668,NaN,NaN,65.843
2002-01,NaN,NaN,NaN,10.64,3.308,NaN
2002-02,NaN,NaN,NaN,10.22,3.308,NaN
2002-03,NaN,NaN,NaN,10.34,3.308,NaN
2002-04,NaN,NaN,NaN,10.1,3.308,NaN
2002-05,NaN,NaN,NaN,9.6,3.308,NaN
2002-06,NaN,NaN,NaN,8.97,3.308,NaN
2002-07,NaN,NaN,NaN,8.69,3.308,NaN
2002-08,NaN,NaN,NaN,8.33,3.308,NaN
2002-09,NaN,NaN,NaN,7.73,3.308,NaN
2002-10,NaN,NaN,NaN,7.02,3.309,NaN
2002-11,NaN,NaN,NaN,6.76,3.309,NaN
2002-12,NaN,NaN,NaN,6.87,3.309,NaN
2002-Q1,60.2047984548649,48.2420927257488,92.9117613310384,NaN,NaN,64.877
2002-Q2,60.6333181092868,47.4933680574276,93.257372346529,NaN,NaN,68.583
2002-Q3,61.2186821402585,47.5475019183755,92.3933448078026,NaN,NaN,69.857
2002-Q4,61.5182477823101,46.7810230864034,92.6813539873781,NaN,NaN,76.426
2003-01,NaN,NaN,NaN,6.47,3.309,NaN
2003-02,NaN,NaN,NaN,6.27,3.309,NaN
2003-03,NaN,NaN,NaN,5.98,3.309,NaN
2003-04,NaN,NaN,NaN,5.91,3.309,NaN
2003-05,NaN,NaN,NaN,5.4,3.309,NaN
2003-06,NaN,NaN,NaN,5.32,3.308,NaN
2003-07,NaN,NaN,NaN,5.24,3.308,NaN
2003-08,NaN,NaN,NaN,5.14,3.308,NaN
2003-09,NaN,NaN,NaN,5.24,3.308,NaN
2003-10,NaN,NaN,NaN,5.86,3.309,NaN
2003-11,NaN,NaN,NaN,5.83,3.307,NaN
2003-12,NaN,NaN,NaN,5.6,3.307,NaN
2003-Q1,61.7591191093143,47.3710494943603,93.1997705106139,NaN,NaN,73.26
2003-Q2,62.8113464851747,47.6001108818319,93.5453815261044,NaN,NaN,75.363
2003-Q3,63.6107590527196,48.0923260078347,93.0557659208262,NaN,NaN,74.943
2003-Q4,64.0825376850753,47.7848413208008,93.9773952954676,NaN,NaN,79.276
2004-01,NaN,NaN,NaN,5.46,3.308,NaN
2004-02,NaN,NaN,NaN,5.5,3.308,NaN
2004-03,NaN,NaN,NaN,5.49,3.308,NaN
2004-04,NaN,NaN,NaN,5.85,3.308,NaN
2004-05,NaN,NaN,NaN,6,3.308,NaN
2004-06,NaN,NaN,NaN,6.05,3.308,NaN
2004-07,NaN,NaN,NaN,6.41,3.308,NaN
2004-08,NaN,NaN,NaN,7,3.308,NaN
2004-09,NaN,NaN,NaN,6.91,3.308,NaN
2004-10,NaN,NaN,NaN,6.84,3.308,NaN
2004-11,NaN,NaN,NaN,6.77,3.308,NaN
2004-12,NaN,NaN,NaN,6.64,3.308,NaN
2004-Q1,65.550807447172,49.9544436874418,94.6686173264486,NaN,NaN,78.821
2004-Q2,66.1010749911619,49.3018964823338,96.5694779116466,NaN,NaN,80.535
2004-Q3,66.0521000454497,50.2392727546021,97.174297188755,NaN,NaN,84.013
2004-Q4,66.7349913865704,51.4637654402679,98.0095238095238,NaN,NaN,91.694
2005-01,NaN,NaN,NaN,6.61,3.308,NaN
2005-02,NaN,NaN,NaN,6.31,3.308,NaN
2005-03,NaN,NaN,NaN,5.91,3.308,NaN
2005-04,NaN,NaN,NaN,5.59,3.308,NaN
2005-05,NaN,NaN,NaN,5.44,3.308,NaN
2005-06,NaN,NaN,NaN,4.9,3.308,NaN
2005-07,NaN,NaN,NaN,4.67,3.308,NaN
2005-08,NaN,NaN,NaN,4.6,3.308,NaN
2005-09,NaN,NaN,NaN,4.5,3.308,NaN
2005-10,NaN,NaN,NaN,4.62,3.308,NaN
2005-11,NaN,NaN,NaN,4.63,3.308,NaN
2005-12,NaN,NaN,NaN,4.6,3.308,NaN
2005-Q1,67.2170676573751,51.0030285553394,98.2111302352266,NaN,NaN,86.117
2005-Q2,67.5115623241214,53.4257639055675,98.7871485943775,NaN,NaN,82.962
2005-Q3,68.798811612489,54.6242244126286,98.6719449225473,NaN,NaN,84.938
2005-Q4,70.0049920193302,56.639812132629,99.1903614457831,NaN,NaN,85.708
2006-01,NaN,NaN,NaN,4.4,3.308,NaN
2006-02,NaN,NaN,NaN,4.16,3.308,NaN
2006-03,NaN,NaN,NaN,4.17,3.308,NaN
2006-04,NaN,NaN,NaN,4.13,3.308,NaN
2006-05,NaN,NaN,NaN,4.15,3.308,NaN
2006-06,NaN,NaN,NaN,4.21,3.308,NaN
2006-07,NaN,NaN,NaN,4.18,3.308,NaN
2006-08,NaN,NaN,NaN,4.19,3.308,NaN
2006-09,NaN,NaN,NaN,4.22,3.308,NaN
2006-10,NaN,NaN,NaN,4.2,3.308,NaN
2006-11,NaN,NaN,NaN,4.2,3.308,NaN
2006-12,NaN,NaN,NaN,4.2,3.308,NaN
2006-Q1,71.0698301100946,57.6375307770605,99.1666666666667,NaN,NaN,88.534
2006-Q2,72.7224120316451,61.1515481249479,100,NaN,NaN,94.342
2006-Q3,73.8943188729357,63.6463893422736,100.333333333333,NaN,NaN,102.61
2006-Q4,72.8189607325246,66.5647163772357,100.433333333333,NaN,NaN,116.165
2007-01,NaN,NaN,NaN,4.19,3.308,NaN
2007-02,NaN,NaN,NaN,4.22,3.308,NaN
2007-03,NaN,NaN,NaN,4.24,3.308,NaN
2007-04,NaN,NaN,NaN,4.4,3.308,NaN
2007-05,NaN,NaN,NaN,4.44,3.308,NaN
2007-06,NaN,NaN,NaN,4.445,3.308,NaN
2007-07,NaN,NaN,NaN,4.81,3.308,NaN
2007-08,NaN,NaN,NaN,5.03,3.308,NaN
2007-09,NaN,NaN,NaN,5.01,3.308,NaN
2007-10,NaN,NaN,NaN,5.21,3.308,NaN
2007-11,NaN,NaN,NaN,5.56,3.308,NaN
2007-12,NaN,NaN,NaN,5.68,3.308,NaN
2007-Q1,76.0717912208295,71.2255655599723,101.166666666667,NaN,NaN,120.338
2007-Q2,77.0865645510135,72.1677343672138,102.433333333333,NaN,NaN,131.355
2007-Q3,78.4269256333687,76.2802739805107,102.3,NaN,NaN,146.218
2007-Q4,79.4558887979598,78.2888907405501,103.866666666667,NaN,NaN,166.299
2008-01,NaN,NaN,NaN,5.65,3.308,NaN
2008-02,NaN,NaN,NaN,5.94,3.308,NaN
2008-03,NaN,NaN,NaN,6.15,3.308,NaN
2008-04,NaN,NaN,NaN,6.34,3.308,NaN
2008-05,NaN,NaN,NaN,6.48,3.308,NaN
2008-06,NaN,NaN,NaN,6.65,3.309,NaN
2008-07,NaN,NaN,NaN,6.56,3.309,NaN
2008-08,NaN,NaN,NaN,6.5,3.309,NaN
2008-09,NaN,NaN,NaN,6.63,3.309,NaN
2008-10,NaN,NaN,NaN,6.85,3.309,NaN
2008-11,NaN,NaN,NaN,6.56,3.309,NaN
2008-12,NaN,NaN,NaN,5.88,3.309,NaN
2008-Q1,80.596191008071,80.0994886691947,105.4,NaN,NaN,191.489
2008-Q2,81.0569380450256,82.5661192829279,106.8,NaN,NaN,207.341
2008-Q3,81.0550030676064,81.3902054744909,107.033333333333,NaN,NaN,196.014
2008-Q4,81.1648297169829,80.9292507470636,107.6,NaN,NaN,171.428
2009-01,NaN,NaN,NaN,4.86,3.309,NaN
2009-02,NaN,NaN,NaN,4.51,3.309,NaN
2009-03,NaN,NaN,NaN,4.17,3.309,NaN
2009-04,NaN,NaN,NaN,4.3,3.309,NaN
2009-05,NaN,NaN,NaN,4.62,3.309,NaN
2009-06,NaN,NaN,NaN,4.44,3.309,NaN
2009-07,NaN,NaN,NaN,4.17,3.309,NaN
2009-08,NaN,NaN,NaN,4.18,3.309,NaN
2009-09,NaN,NaN,NaN,4.18,3.308741109,NaN
2009-10,NaN,NaN,NaN,4.18,3.308741109,NaN
2009-11,NaN,NaN,NaN,4.19,3.308741109,NaN
2009-12,NaN,NaN,NaN,4.27,3.308741109,NaN
2009-Q1,82.3408066831896,82.7356007469819,109.033333333333,NaN,NaN,156.852
2009-Q2,82.5118408941464,78.3115463604237,111.166666666667,NaN,NaN,172.457
2009-Q3,83.0991621436569,77.8987348252277,111.333333333333,NaN,NaN,187.476
2009-Q4,84.379872542815,75.9214873850132,111.5,NaN,NaN,183.388
2010-01,NaN,NaN,NaN,4.19,3.308913383,NaN
2010-02,NaN,NaN,NaN,4.15,3.308913383,NaN
2010-03,NaN,NaN,NaN,4.1,3.308913383,NaN
2010-04,NaN,NaN,NaN,3.86,3.308913383,NaN
2010-05,NaN,NaN,NaN,3.86,3.308913383,NaN
2010-06,NaN,NaN,NaN,3.87,3.308913383,NaN
2010-07,NaN,NaN,NaN,3.82,3.308913383,NaN
2010-08,NaN,NaN,NaN,3.81,3.308913383,NaN
2010-09,NaN,NaN,NaN,3.84,3.308913383,NaN
2010-10,NaN,NaN,NaN,3.85,3.308913829,NaN
2010-11,NaN,NaN,NaN,3.88,3.308913829,NaN
2010-12,NaN,NaN,NaN,3.95,3.308913829,NaN
2010-Q1,83.9835357886862,71.9521792146669,112.533333333333,NaN,NaN,184.493
2010-Q2,85.1948316530723,74.4529021794597,113.6,NaN,NaN,161.172
2010-Q3,86.2130078745796,74.1637162623238,113.6,NaN,NaN,187.051
2010-Q4,87.155275154345,77.071260093596,114.733333333333,NaN,NaN,186.198
2011-01,NaN,NaN,NaN,4.09,3.308913829,NaN
2011-02,NaN,NaN,NaN,4.15,3.308913829,NaN
2011-03,NaN,NaN,NaN,4.2,3.308913829,NaN
2011-04,NaN,NaN,NaN,4.3,3.308913829,NaN
2011-05,NaN,NaN,NaN,4.45,3.308913829,NaN
2011-06,NaN,NaN,NaN,4.69,3.308913829,NaN
2011-07,NaN,NaN,NaN,4.71,3.308913829,NaN
2011-08,NaN,NaN,NaN,4.72,3.308913829,NaN
2011-09,NaN,NaN,NaN,4.76,3.308913829,NaN
2011-10,NaN,NaN,NaN,4.91,3.308913829,NaN
2011-11,NaN,NaN,NaN,4.97,3.308913829,NaN
2011-12,NaN,NaN,NaN,4.99,3.308913829,NaN
2011-Q1,88.4735285636585,79.2321487602856,117,NaN,NaN,199.236
2011-Q2,89.5734853825245,81.6705687704261,118.7,NaN,NaN,209.03
2011-Q3,90.5894597331755,83.7517270825607,118.233333333333,NaN,NaN,189.961
2011-Q4,91.3223935937568,85.0285019679347,119.8,NaN,NaN,188.141
2012-01,NaN,NaN,NaN,4.99,3.308913829,NaN
2012-02,NaN,NaN,NaN,4.9747,3.308913829,NaN
2012-03,NaN,NaN,NaN,4.94,3.308913829,NaN
2012-04,NaN,NaN,NaN,4.95,3.308913829,NaN
2012-05,NaN,NaN,NaN,5.11,3.308913829,NaN
2012-06,NaN,NaN,NaN,5.13,3.308913829,NaN
2012-07,NaN,NaN,NaN,5.11,3.308913829,NaN
2012-08,NaN,NaN,NaN,5.04,3.308913829,NaN
2012-09,NaN,NaN,NaN,4.92,3.308913829,NaN
2012-10,NaN,NaN,NaN,4.73,3.308913829,NaN
2012-11,NaN,NaN,NaN,4.49,3.308913829,NaN
2012-12,NaN,NaN,NaN,4.11,3.308913829,NaN
2012-Q1,91.6016975757068,84.0905810894194,121.733333333333,NaN,NaN,211.056
2012-Q2,91.4320423141752,83.3236665724498,123.2,NaN,NaN,198.139
2012-Q3,91.4790378002287,81.5911651796193,122.566666666667,NaN,NaN,212.752
2012-Q4,91.4073546712412,81.818048142103,123.1,NaN,NaN,223.815
2013-01,NaN,NaN,NaN,3.95,3.308913829,NaN
2013-02,NaN,NaN,NaN,3.73,3.308913829,NaN
2013-03,NaN,NaN,NaN,3.39,3.308913829,NaN
2013-04,NaN,NaN,NaN,3.08,3.308913829,NaN
2013-05,NaN,NaN,NaN,2.74,3.308913829,NaN
2013-06,NaN,NaN,NaN,2.73,3.308913829,NaN
2013-07,NaN,NaN,NaN,2.7,3.308913829,NaN
2013-08,NaN,NaN,NaN,2.7,3.308913829,NaN
2013-09,NaN,NaN,NaN,2.67,3.308913829,NaN
2013-10,NaN,NaN,NaN,2.66,3.308913829,NaN
2013-11,NaN,NaN,NaN,2.65,3.308913829,NaN
2013-12,NaN,NaN,NaN,2.71,3.308913829,NaN
2013-Q1,91.2555145466376,79.9404636450823,123.366666666667,NaN,NaN,213.381
2013-Q2,91.9634049063688,82.0586551820101,123.933333333333,NaN,NaN,215.367
2013-Q3,92.6435383486391,84.4930451059232,124.066666666667,NaN,NaN,230.229
2013-Q4,93.1624014315274,85.4640780442536,124.1,NaN,NaN,239.163
2014-01,NaN,NaN,NaN,2.71,3.308913829,NaN
2014-02,NaN,NaN,NaN,2.71,3.308913829,NaN
2014-03,NaN,NaN,NaN,2.71,3.308913761,NaN
2014-04,NaN,NaN,NaN,2.72,3.308927301,NaN
2014-05,NaN,NaN,NaN,2.72,3.308927301,NaN
2014-06,NaN,NaN,NaN,2.68,3.308927301,NaN
2014-07,NaN,NaN,NaN,2.67,3.308927301,NaN
2014-08,NaN,NaN,NaN,2.59,3.308927301,NaN
2014-09,NaN,NaN,NaN,2.28,3.308841716,NaN
2014-10,NaN,NaN,NaN,1.96,3.30919486,NaN
2014-11,NaN,NaN,NaN,2.06,3.30919486,NaN
2014-12,NaN,NaN,NaN,2.06,3.30919486,NaN
2014-Q1,94.3565716336981,89.9563171329313,124.3,NaN,NaN,242.303
2014-Q2,95.4053961182351,92.134197514526,124.333333333333,NaN,NaN,248.775
2014-Q3,96.1641296777384,94.2933434412253,123.766666666667,NaN,NaN,232.146
2014-Q4,96.967745816918,95.9863064205264,123.333333333333,NaN,NaN,224.772
2015-01,NaN,NaN,NaN,2,3.309205572,NaN
2015-02,NaN,NaN,NaN,1.81,3.309058277,NaN
2015-03,NaN,NaN,NaN,1.65,3.309059658,NaN
2015-04,NaN,NaN,NaN,1.65,3.309062574,NaN
2015-05,NaN,NaN,NaN,1.68,3.308979453,NaN
2015-06,NaN,NaN,NaN,1.72,3.308979453,NaN
2015-07,NaN,NaN,NaN,1.72,3.308981296,NaN
2015-08,NaN,NaN,NaN,1.72,3.309138211,NaN
2015-09,NaN,NaN,NaN,1.73,3.309138211,NaN
2015-10,NaN,NaN,NaN,1.73,3.309175371,NaN
2015-11,NaN,NaN,NaN,1.73,3.30925648,NaN
2015-12,NaN,NaN,NaN,1.72,3.30925648,NaN
2015-Q1,98.5513135438522,99.9717349357828,122.8,NaN,NaN,211.651
2015-Q2,99.0965323536565,99.1430620704078,123.4,NaN,NaN,219.026
2015-Q3,100.426751485401,100.173130325909,122.833333333333,NaN,NaN,222.469
2015-Q4,101.243734537557,99.9252255622923,122.366666666667,NaN,NaN,218.974
2016-01,NaN,NaN,NaN,1.7,3.309256826,NaN
2016-02,NaN,NaN,NaN,1.68,3.309258691,NaN
2016-03,NaN,NaN,NaN,1.67,3.309626021,NaN
2016-04,NaN,NaN,NaN,1.67,3.309626051,NaN
2016-05,NaN,NaN,NaN,1.68,3.309626051,NaN
2016-06,NaN,NaN,NaN,1.71,3.309740356,NaN
2016-07,NaN,NaN,NaN,1.71,3.309750065,NaN
2016-08,NaN,NaN,NaN,1.71,3.30975014,NaN
2016-09,NaN,NaN,NaN,1.71,3.309750182,NaN
2016-10,NaN,NaN,NaN,1.72,3.309757631,NaN
2016-11,NaN,NaN,NaN,1.73,3.310076008,NaN
2016-12,NaN,NaN,NaN,1.73,3.310285053,NaN
2016-Q1,101.024548302319,87.2924301365491,121.566666666667,NaN,NaN,232.352
2016-Q2,102.507608409056,95.4659896121804,122.133333333333,NaN,NaN,221.437
2016-Q3,103.089614030944,93.3152306216844,121.766666666667,NaN,NaN,228.013
2016-Q4,105.111487504995,92.6638815503197,122.666666666667,NaN,NaN,220.55
2017-01,NaN,NaN,NaN,1.73,3.310427778,NaN
2017-02,NaN,NaN,NaN,1.73,3.31042848,NaN
2017-03,NaN,NaN,NaN,1.73,3.310428719,NaN
2017-04,NaN,NaN,NaN,1.73,3.31047605,NaN
2017-05,NaN,NaN,NaN,1.73,3.310477454,NaN
2017-06,NaN,NaN,NaN,1.73,3.310477856,NaN
2017-07,NaN,NaN,NaN,1.73,3.310504133,NaN
2017-08,NaN,NaN,NaN,1.73,3.310506117,NaN
2017-09,NaN,NaN,NaN,1.73,3.310506235,NaN
2017-10,NaN,NaN,NaN,1.73,3.310506943,NaN
2017-11,NaN,NaN,NaN,1.73,3.310540921,NaN
2017-12,NaN,NaN,NaN,1.72,3.310541474,NaN
2017-Q1,106.36370702974,90.0820122547298,124.033333333333,NaN,NaN,233.21
2017-Q2,107.397830134115,93.5171706180573,124.433333333333,NaN,NaN,248.49
2017-Q3,108.967875260235,94.666071956645,124.2,NaN,NaN,254.244
2017-Q4,110.452647933194,97.4077287250931,125.6,NaN,NaN,265.752
2018-01,NaN,NaN,NaN,1.72,3.310588034,NaN
2018-02,NaN,NaN,NaN,1.72,3.310588039,NaN
2018-03,NaN,NaN,NaN,1.7,3.310590893,NaN
2018-04,NaN,NaN,NaN,1.7,3.310485204,NaN
2018-05,NaN,NaN,NaN,1.7,3.310485209,NaN
2018-06,NaN,NaN,NaN,1.7,3.310485222,NaN
2018-07,NaN,NaN,NaN,1.7,3.370485222,NaN
2018-08,NaN,NaN,NaN,1.71,3.61062876,NaN
2018-09,NaN,NaN,NaN,1.72,3.750628762,NaN
2018-10,NaN,NaN,NaN,1.72,4.135647449,NaN
2018-11,NaN,NaN,NaN,1.72,4.1356,NaN
2018-12,NaN,NaN,NaN,1.72,4.1357,NaN
2018-Q1,112.488199695897,103.189922170321,126.166666666667,NaN,NaN,278.318
2018-Q2,114.063271315083,103.829616668001,126.833333333333,NaN,NaN,256.636
2018-Q3,115.46750889339,108.137452081458,126.8,NaN,NaN,263.603
2018-Q4,116.579809533723,108.716804206974,127.5,NaN,NaN,259.171
2019-01,NaN,NaN,NaN,1.72,4.135690238,NaN
2019-02,NaN,NaN,NaN,1.72,4.135680513,NaN
2019-03,NaN,NaN,NaN,1.72,4.13574462,NaN
2019-04,NaN,NaN,NaN,1.72,4.136049944,NaN
2019-05,NaN,NaN,NaN,1.72,4.286005583,NaN
2019-06,NaN,NaN,NaN,1.72,7.336235492,NaN
2019-07,NaN,NaN,NaN,1.72,7.351235492,NaN
2019-08,NaN,NaN,NaN,1.72,7.351235492,NaN
2019-09,NaN,NaN,NaN,1.72,7.351235627,NaN
2019-10,NaN,NaN,NaN,1.71,7.351235627,NaN
2019-11,NaN,NaN,NaN,1.71,7.351235627,NaN
2019-12,NaN,NaN,NaN,1.71,7.351235588,NaN
2019-Q1,118.236973125944,109.558329779778,127.666666666667,NaN,NaN,256.376
2019-Q2,119.321717018894,112.461625682324,129.833333333333,NaN,NaN,263.088
2019-Q3,120.191033425845,112.516957677015,130.2,NaN,NaN,249.629
2019-Q4,120.958685674372,117.331821506392,130.9,NaN,NaN,263.191
2020-01,NaN,NaN,NaN,1.71,7.351235588,NaN
2020-02,NaN,NaN,NaN,1.71,7.351234037,NaN
2020-03,NaN,NaN,NaN,1.17,7.351234037,NaN
2020-04,NaN,NaN,NaN,0.68,7.351234419,NaN
2020-05,NaN,NaN,NaN,0.28,7.3513539,NaN
2020-06,NaN,NaN,NaN,0.26,7.3513539,NaN
2020-07,NaN,NaN,NaN,0.23,7.351353875,NaN
2020-08,NaN,NaN,NaN,0.23,7.351626129,NaN
2020-09,NaN,NaN,NaN,0.22,7.351626129,NaN
2020-10,NaN,NaN,NaN,0.22,7.351626129,NaN
2020-11,NaN,NaN,NaN,0.22,7.351626129,NaN
2020-12,NaN,NaN,NaN,0.21,7.351747398,NaN
2020-Q1,121.828224492522,118.92130929877,133.5,NaN,NaN,253.766
2020-Q2,110.690783602468,109.597868193307,133.966666666667,NaN,NaN,261.742
2020-Q3,118.158751107747,109.976805219942,134.133333333333,NaN,NaN,266.364
2020-Q4,118.319532162494,108.878116577324,134.5,NaN,NaN,281.96
2021-01,NaN,NaN,NaN,0.21,7.351747398,NaN
2021-02,NaN,NaN,NaN,0.21,7.351747398,NaN
2021-03,NaN,NaN,NaN,0.21,7.351748177,NaN
2021-04,NaN,NaN,NaN,0.21,7.351748791,NaN
2021-05,NaN,NaN,NaN,0.21,7.411748791,NaN
2021-06,NaN,NaN,NaN,0.21,7.451748791,NaN
2021-07,NaN,NaN,NaN,0.21,7.391748791,NaN
2021-08,NaN,NaN,NaN,0.22,7.401748791,NaN
2021-09,NaN,NaN,NaN,0.23,7.451748791,NaN
2021-10,NaN,NaN,NaN,0.74,7.361748791,NaN
2021-11,NaN,NaN,NaN,2.06,7.471748791,NaN
2021-12,NaN,NaN,NaN,2.54,7.421748791,NaN
2021-Q1,121.069780067575,110.048257559543,137.233333333333,NaN,NaN,267.406
2021-Q2,124.165232392456,109.749486572461,139.8,NaN,NaN,280.85
2021-Q3,126.787971957951,114.080631133287,141.2,NaN,NaN,276.192
2021-Q4,129.067864662341,114.955813372153,144.966666666667,NaN,NaN,275.225
2022-01,NaN,NaN,NaN,3.02,7.351748791,NaN
2022-02,NaN,NaN,NaN,3.65,7.351748791,NaN
2022-03,NaN,NaN,NaN,4.77,7.351748845,NaN
2022-04,NaN,NaN,NaN,6.05,7.351748845,NaN
2022-05,NaN,NaN,NaN,6.59,7.351861763,NaN
2022-06,NaN,NaN,NaN,7.05,7.351861763,NaN
2022-07,NaN,NaN,NaN,7.01,7.351861763,NaN
2022-08,NaN,NaN,NaN,7.11,7.351861763,NaN
2022-09,NaN,NaN,NaN,7.21,7.351862413,NaN
2022-10,NaN,NaN,NaN,7.51,7.351862413,NaN
2022-11,NaN,NaN,NaN,7.28,7.351862684,NaN
2022-12,NaN,NaN,NaN,7.02,7.351863026,NaN
2022-Q1,133.291586751543,116.462194251245,150.466666666667,NaN,NaN,272.111
2022-Q2,132.266671470749,117.93415601553,159.3,NaN,NaN,258.461
2022-Q3,133.083031771551,118.690069486311,164.333333333333,NaN,NaN,247.867
2022-Q4,130.052790409807,120.842571216797,170.366666666667,NaN,NaN,275.672
2023-01,NaN,NaN,NaN,6.95,7.351941195,NaN
2023-02,NaN,NaN,NaN,6.94,7.351941539,NaN
2023-03,NaN,NaN,NaN,6.89,7.351941744,NaN
2023-04,NaN,NaN,NaN,6.9,7.828071526,NaN
2023-05,NaN,NaN,NaN,6.9,8.468264305,NaN
2023-06,NaN,NaN,NaN,6.9,8.908274195,NaN
2023-07,NaN,NaN,NaN,6.76,9.628028565,NaN
2023-08,NaN,NaN,NaN,6.69,10.107927432,NaN
2023-09,NaN,NaN,NaN,5.99,10.729129295,NaN
2023-10,NaN,NaN,NaN,5.68,10.929632444,NaN
2023-11,NaN,NaN,NaN,5.77,11.532367115,NaN
2023-12,NaN,NaN,NaN,5.85,11.532367115,NaN
2023-Q1,131.485941443802,123.373029682674,177.266666666667,NaN,NaN,286.371
2023-Q2,131.874493806015,126.10259619244,180.6,NaN,NaN,299.68
2023-Q3,133.837806411737,127.384490376535,179.966666666667,NaN,NaN,286.037
2023-Q4,NaN,NaN,180.933333333333,NaN,NaN,312.238
2024-01,NaN,NaN,NaN,5.87,11.5323693,NaN
2024-02,NaN,NaN,NaN,NaN,11.532374178,NaN
2024-03,NaN,NaN,NaN,NaN,11.532374337,NaN
2024-04,NaN,NaN,NaN,NaN,11.682374337,NaN
2024-05,NaN,NaN,NaN,NaN,12.012874337,NaN
2024-06,NaN,NaN,NaN,NaN,12.132874337,NaN
2024-07,NaN,NaN,NaN,NaN,12.593179447,NaN
2024-08,NaN,NaN,NaN,NaN,12.793831936,NaN
2024-09,NaN,NaN,NaN,NaN,13.49385404,NaN
2024-10,NaN,NaN,NaN,NaN,13.734360857,NaN
2024-11,NaN,NaN,NaN,NaN,14.411109649,NaN
2024-12,NaN,NaN,NaN,NaN,14.411109649,NaN
2024-Q1,NaN,NaN,NaN,NaN,NaN,311.352
2024-Q2,NaN,NaN,NaN,NaN,NaN,311.4
2024-Q3,NaN,NaN,NaN,NaN,NaN,327.9
2024-Q4,NaN,NaN,NaN,NaN,NaN,312.373
2025-01,NaN,NaN,NaN,NaN,14.511110849,NaN
2025-02,NaN,NaN,NaN,NaN,15.443121531,NaN
2025-03,NaN,NaN,NaN,NaN,15.972893924,NaN
2025-04,NaN,NaN,NaN,NaN,16.373146556,NaN
2025-05,NaN,NaN,NaN,NaN,16.572972448,NaN
2025-06,NaN,NaN,NaN,NaN,16.572976808,NaN
